MRM-1960	MRM-1959	1
---------------------------------------------------------
MRM-1959	MRM-1960	1
MRM-1959	MRM-1951	1
---------------------------------------------------------
MRM-1921	MRM-675	1
---------------------------------------------------------
MRM-675	MRM-1921	1
---------------------------------------------------------
MRM-415	MRM-227	1
MRM-415	MRM-729	1
---------------------------------------------------------
MRM-227	MRM-415	1
MRM-227	CONTINUUM-1113	1
MRM-227	CONTINUUM-1368	1
MRM-227	MRM-729	1
---------------------------------------------------------
MRM-493	MRM-518	1
---------------------------------------------------------
MRM-518	MRM-493	1
---------------------------------------------------------
MRM-433	MRM-481	1
---------------------------------------------------------
MRM-481	MRM-433	1
MRM-481	MRM-664	1
---------------------------------------------------------
MRM-419	MRM-417	1
MRM-419	MRM-489	1
MRM-419	MRM-781	1
---------------------------------------------------------
MRM-417	MRM-419	1
---------------------------------------------------------
MRM-401	MRM-376	1
---------------------------------------------------------
MRM-376	MRM-401	1
---------------------------------------------------------
MRM-464	MRM-243	1
MRM-464	MRM-769	1
---------------------------------------------------------
MRM-243	MRM-464	1
MRM-243	MRM-408	1
MRM-243	MRM-333	1
MRM-243	MRM-769	1
MRM-243	MRM-463	1
---------------------------------------------------------
MRM-769	MRM-464	1
MRM-769	MRM-408	1
MRM-769	MRM-333	1
MRM-769	MRM-243	1
MRM-769	MRM-781	1
MRM-769	MRM-463	1
---------------------------------------------------------
MRM-1630	MRM-1008	1
---------------------------------------------------------
MRM-1008	MRM-1630	1
---------------------------------------------------------
MRM-1649	MRM-1563	1
---------------------------------------------------------
MRM-1563	MRM-1649	1
---------------------------------------------------------
MRM-1600	MRM-1568	1
---------------------------------------------------------
MRM-1568	MRM-1600	1
MRM-1568	MRM-1567	1
---------------------------------------------------------
MRM-1650	MRM-1587	1
---------------------------------------------------------
MRM-1587	MRM-1650	1
MRM-1587	MRM-1497	1
---------------------------------------------------------
MRM-395	MRM-371	1
---------------------------------------------------------
MRM-371	MRM-395	1
MRM-371	MRM-375	1
---------------------------------------------------------
MRM-342	MRM-306	1
---------------------------------------------------------
MRM-306	MRM-342	1
---------------------------------------------------------
MRM-382	MRM-265	1
MRM-382	MRM-520	1
---------------------------------------------------------
MRM-265	MRM-382	1
MRM-265	MRM-455	1
MRM-265	MRM-454	1
MRM-265	MRM-544	1
MRM-265	MRM-520	1
MRM-265	MRM-37	1
---------------------------------------------------------
MRM-309	MRM-153	1
---------------------------------------------------------
MRM-153	MRM-309	1
---------------------------------------------------------
MRM-368	MRM-177	1
MRM-368	MRM-1440	1
---------------------------------------------------------
MRM-177	MRM-368	1
---------------------------------------------------------
MRM-1457	MRM-665	1
---------------------------------------------------------
MRM-665	MRM-1457	1
MRM-665	MRM-786	1
---------------------------------------------------------
MRM-1496	MRM-979	1
---------------------------------------------------------
MRM-979	MRM-1496	1
---------------------------------------------------------
MRM-1419	MRM-1097	2
---------------------------------------------------------
MRM-1097	MRM-1419	2
MRM-1097	MRM-1100	1
MRM-1097	MRM-1103	1
---------------------------------------------------------
MRM-1493	MRM-1282	1
---------------------------------------------------------
MRM-1282	MRM-1493	1
MRM-1282	MRM-1283	1
MRM-1282	MRM-1025	1
---------------------------------------------------------
MRM-1489	MRM-1427	1
---------------------------------------------------------
MRM-1427	MRM-1489	1
---------------------------------------------------------
MRM-1446	MRM-1345	1
---------------------------------------------------------
MRM-1345	MRM-1446	1
MRM-1345	MRM-495	1
MRM-1345	MRM-173	1
MRM-1345	MRM-119	1
MRM-1345	MRM-1263	1
MRM-1345	MRM-1287	1
MRM-1345	MRM-1129	1
MRM-1345	MRM-1125	1
MRM-1345	MRM-1090	1
MRM-1345	MRM-815	1
MRM-1345	MRM-1318	1
---------------------------------------------------------
MRM-1458	MRM-1071	1
---------------------------------------------------------
MRM-1071	MRM-1458	1
---------------------------------------------------------
MRM-1203	MRM-1202	1
---------------------------------------------------------
MRM-1202	MRM-1203	1
---------------------------------------------------------
MRM-1211	MRM-1116	1
---------------------------------------------------------
MRM-1116	MRM-1211	1
---------------------------------------------------------
MRM-1237	MRM-1168	1
---------------------------------------------------------
MRM-1168	MRM-1237	1
---------------------------------------------------------
MRM-1244	MRM-1114	1
---------------------------------------------------------
MRM-1114	MRM-1244	1
MRM-1114	MRM-897	1
---------------------------------------------------------
MRM-1144	MRM-739	1
---------------------------------------------------------
MRM-739	MRM-1144	1
MRM-739	MRM-712	1
---------------------------------------------------------
MRM-1184	MRM-1179	1
---------------------------------------------------------
MRM-1179	MRM-1184	1
MRM-1179	MRM-1161	1
---------------------------------------------------------
MRM-897	MRM-1114	1
---------------------------------------------------------
MRM-1192	MRM-1191	1
---------------------------------------------------------
MRM-1191	MRM-1192	1
---------------------------------------------------------
MRM-1186	MRM-1160	1
---------------------------------------------------------
MRM-1160	MRM-1186	1
MRM-1160	MRM-1161	1
---------------------------------------------------------
MRM-1104	MRM-913	1
---------------------------------------------------------
MRM-913	MRM-1104	1
MRM-913	MRM-747	1
---------------------------------------------------------
MRM-632	MRM-674	1
---------------------------------------------------------
MRM-674	MRM-632	1
MRM-674	MRM-681	1
MRM-674	MRM-738	1
---------------------------------------------------------
MRM-699	MRM-691	1
---------------------------------------------------------
MRM-691	MRM-699	1
---------------------------------------------------------
MRM-686	MRM-816	2
MRM-686	MRM-952	2
MRM-686	MRM-620	1
MRM-686	MRM-615	1
---------------------------------------------------------
MRM-816	MRM-686	2
MRM-816	MRM-953	1
---------------------------------------------------------
MRM-952	MRM-686	2
MRM-952	MRM-620	1
MRM-952	MRM-615	1
MRM-952	MRM-844	1
---------------------------------------------------------
MRM-625	MRM-1309	1
---------------------------------------------------------
MRM-1309	MRM-625	1
---------------------------------------------------------
MRM-681	MRM-674	1
---------------------------------------------------------
MRM-641	MRM-734	1
---------------------------------------------------------
MRM-734	MRM-641	1
MRM-734	MRM-727	1
---------------------------------------------------------
MRM-629	MRM-829	1
---------------------------------------------------------
MRM-829	MRM-629	1
MRM-829	MRM-793	1
MRM-829	MRM-826	1
MRM-829	MRM-523	1
MRM-829	MRM-604	1
---------------------------------------------------------
MRM-1063	MRM-971	1
---------------------------------------------------------
MRM-971	MRM-1063	1
---------------------------------------------------------
MRM-1024	MRM-1137	1
MRM-1024	MRM-1059	1
MRM-1024	MRM-1048	1
---------------------------------------------------------
MRM-1137	MRM-1024	1
MRM-1137	MRM-1150	1
---------------------------------------------------------
MRM-1059	MRM-1024	1
---------------------------------------------------------
MRM-1067	MRM-830	1
MRM-1067	MRM-798	1
---------------------------------------------------------
MRM-830	MRM-1067	1
MRM-830	MRM-798	1
MRM-830	MRM-1347	1
---------------------------------------------------------
MRM-1026	MRM-922	1
---------------------------------------------------------
MRM-922	MRM-1026	1
MRM-922	MRM-921	1
---------------------------------------------------------
MRM-1048	MRM-1024	1
---------------------------------------------------------
MRM-1035	MRM-1149	1
MRM-1035	MRM-1347	1
---------------------------------------------------------
MRM-1149	MRM-1035	1
MRM-1149	MRM-1347	1
MRM-1149	MRM-1190	1
---------------------------------------------------------
MRM-1051	MRM-616	1
---------------------------------------------------------
MRM-616	MRM-1051	1
MRM-616	MRM-1107	1
---------------------------------------------------------
MRM-1014	MRM-724	1
---------------------------------------------------------
MRM-724	MRM-1014	1
---------------------------------------------------------
MRM-898	MRM-884	1
---------------------------------------------------------
MRM-884	MRM-898	1
MRM-884	MRM-886	1
---------------------------------------------------------
MRM-852	MRM-566	1
MRM-852	MRM-833	1
---------------------------------------------------------
MRM-566	MRM-852	1
MRM-566	MRM-1368	1
---------------------------------------------------------
MRM-886	MRM-884	1
---------------------------------------------------------
MRM-825	MRM-636	1
---------------------------------------------------------
MRM-636	MRM-825	1
---------------------------------------------------------
MRM-812	MRM-270	1
---------------------------------------------------------
MRM-270	MRM-812	1
---------------------------------------------------------
MRM-1879	MRM-1877	1
---------------------------------------------------------
MRM-1877	MRM-1879	1
---------------------------------------------------------
MRM-1858	MRM-1855	1
---------------------------------------------------------
MRM-1855	MRM-1858	1
MRM-1855	MRM-1853	2
---------------------------------------------------------
MRM-1844	MRM-1810	1
---------------------------------------------------------
MRM-1810	MRM-1844	1
---------------------------------------------------------
MRM-1849	MRM-1846	1
---------------------------------------------------------
MRM-1846	MRM-1849	1
---------------------------------------------------------
MRM-1853	MRM-1855	2
---------------------------------------------------------
MRM-1837	MRM-1785	1
---------------------------------------------------------
MRM-1785	MRM-1837	1
MRM-1785	MRM-1741	1
---------------------------------------------------------
MRM-93	MRM-85	1
---------------------------------------------------------
MRM-85	MRM-93	1
---------------------------------------------------------
MRM-78	MRM-66	1
---------------------------------------------------------
MRM-66	MRM-78	1
MRM-66	MRM-72	1
MRM-66	MRM-79	1
---------------------------------------------------------
MRM-72	MRM-66	1
---------------------------------------------------------
MRM-79	MRM-66	1
---------------------------------------------------------
MRM-964	MRM-929	1
MRM-964	MRM-1172	1
MRM-964	MRM-837	1
---------------------------------------------------------
MRM-929	MRM-964	1
---------------------------------------------------------
MRM-941	MRM-1219	1
---------------------------------------------------------
MRM-1219	MRM-941	1
---------------------------------------------------------
MRM-984	MRM-805	1
---------------------------------------------------------
MRM-805	MRM-984	1
---------------------------------------------------------
MRM-917	MRM-639	1
---------------------------------------------------------
MRM-639	MRM-917	1
MRM-639	MRM-1002	1
---------------------------------------------------------
MRM-928	MRM-589	1
---------------------------------------------------------
MRM-589	MRM-928	1
---------------------------------------------------------
MRM-923	MRM-880	1
---------------------------------------------------------
MRM-880	MRM-923	1
---------------------------------------------------------
MRM-953	MRM-816	1
---------------------------------------------------------
MRM-992	MRM-747	1
---------------------------------------------------------
MRM-747	MRM-992	1
MRM-747	MRM-1196	1
MRM-747	MRM-913	1
---------------------------------------------------------
MRM-599	MRM-586	1
---------------------------------------------------------
MRM-586	MRM-599	1
---------------------------------------------------------
MRM-554	MRM-440	1
---------------------------------------------------------
MRM-440	MRM-554	1
---------------------------------------------------------
MRM-578	MRM-715	1
---------------------------------------------------------
MRM-715	MRM-578	1
---------------------------------------------------------
MRM-537	MRM-37	1
---------------------------------------------------------
MRM-37	MRM-537	1
MRM-37	MRM-527	1
MRM-37	MRM-133	1
MRM-37	MRM-454	1
MRM-37	MRM-265	1
---------------------------------------------------------
MRM-289	MRM-288	1
---------------------------------------------------------
MRM-288	MRM-289	1
MRM-288	MRM-333	1
---------------------------------------------------------
MRM-738	MRM-674	1
---------------------------------------------------------
MRM-743	MRM-742	1
---------------------------------------------------------
MRM-742	MRM-743	1
---------------------------------------------------------
MRM-748	MRM-585	1
---------------------------------------------------------
MRM-585	MRM-748	1
---------------------------------------------------------
MRM-723	MRM-159	1
---------------------------------------------------------
MRM-159	MRM-723	1
MRM-159	MRM-741	1
---------------------------------------------------------
MRM-1786	MRM-1814	2
---------------------------------------------------------
MRM-1814	MRM-1786	2
---------------------------------------------------------
MRM-1724	MRM-1703	1
---------------------------------------------------------
MRM-1703	MRM-1724	1
---------------------------------------------------------
MRM-1715	MRM-1488	1
---------------------------------------------------------
MRM-1488	MRM-1715	1
---------------------------------------------------------
MRM-1741	MRM-1785	1
---------------------------------------------------------
MRM-1326	MRM-1246	1
---------------------------------------------------------
MRM-1246	MRM-1326	1
---------------------------------------------------------
MRM-1365	MRM-1323	1
---------------------------------------------------------
MRM-1323	MRM-1365	1
---------------------------------------------------------
MRM-1368	MRM-566	1
---------------------------------------------------------
MRM-463	MRM-472	1
MRM-463	MRM-473	1
MRM-463	MRM-474	1
MRM-463	MRM-475	1
MRM-463	MRM-243	1
MRM-463	MRM-769	1
---------------------------------------------------------
MRM-472	MRM-463	1
---------------------------------------------------------
MRM-473	MRM-463	1
---------------------------------------------------------
MRM-474	MRM-463	1
---------------------------------------------------------
MRM-475	MRM-463	1
---------------------------------------------------------
MRM-1638	MRM-1656	1
---------------------------------------------------------
MRM-1656	MRM-1638	1
---------------------------------------------------------
MRM-1504	MRM-1505	1
MRM-1504	MRM-1506	1
MRM-1504	MRM-1507	1
MRM-1504	MRM-1508	1
MRM-1504	MRM-1509	1
MRM-1504	MRM-1510	1
MRM-1504	MRM-1511	1
MRM-1504	MRM-1512	1
MRM-1504	MRM-1513	1
MRM-1504	MRM-1514	1
MRM-1504	MRM-1519	1
MRM-1504	MRM-1490	1
---------------------------------------------------------
MRM-1505	MRM-1504	1
---------------------------------------------------------
MRM-1506	MRM-1504	1
---------------------------------------------------------
MRM-1507	MRM-1504	1
---------------------------------------------------------
MRM-1508	MRM-1504	1
---------------------------------------------------------
MRM-1509	MRM-1504	1
---------------------------------------------------------
MRM-1510	MRM-1504	1
---------------------------------------------------------
MRM-1511	MRM-1504	1
---------------------------------------------------------
MRM-1512	MRM-1504	1
---------------------------------------------------------
MRM-1513	MRM-1504	1
---------------------------------------------------------
MRM-1514	MRM-1504	1
---------------------------------------------------------
MRM-1519	MRM-1504	1
---------------------------------------------------------
MRM-196	MRM-861	1
---------------------------------------------------------
MRM-861	MRM-196	1
---------------------------------------------------------
MRM-1497	MRM-1569	1
MRM-1497	MRM-1570	1
MRM-1497	MRM-1571	1
MRM-1497	MRM-1574	1
MRM-1497	MRM-1578	1
MRM-1497	MRM-1598	1
MRM-1497	MRM-1576	1
MRM-1497	MRM-1575	1
MRM-1497	MRM-1573	1
MRM-1497	MRM-1572	1
MRM-1497	MRM-1577	1
MRM-1497	MRM-1579	1
MRM-1497	MRM-1581	1
MRM-1497	MRM-1580	1
MRM-1497	MRM-1615	1
MRM-1497	MRM-1586	1
MRM-1497	MRM-1582	1
MRM-1497	MRM-1584	1
MRM-1497	MRM-1585	1
MRM-1497	MRM-1583	1
MRM-1497	MRM-1587	1
MRM-1497	MRM-1589	1
MRM-1497	MRM-1614	1
MRM-1497	MRM-1617	1
MRM-1497	MRM-1620	1
MRM-1497	MRM-1621	1
MRM-1497	MRM-1631	1
MRM-1497	MRM-1639	1
---------------------------------------------------------
MRM-1569	MRM-1497	1
---------------------------------------------------------
MRM-1570	MRM-1497	1
---------------------------------------------------------
MRM-1571	MRM-1497	1
---------------------------------------------------------
MRM-1574	MRM-1497	1
---------------------------------------------------------
MRM-1578	MRM-1497	1
---------------------------------------------------------
MRM-1598	MRM-1497	1
---------------------------------------------------------
MRM-1576	MRM-1497	1
---------------------------------------------------------
MRM-1575	MRM-1497	1
---------------------------------------------------------
MRM-1573	MRM-1497	1
---------------------------------------------------------
MRM-1572	MRM-1497	1
MRM-1572	MRM-1450	1
---------------------------------------------------------
MRM-1577	MRM-1497	1
---------------------------------------------------------
MRM-1579	MRM-1497	1
---------------------------------------------------------
MRM-1581	MRM-1497	1
---------------------------------------------------------
MRM-1580	MRM-1497	1
---------------------------------------------------------
MRM-1615	MRM-1497	1
---------------------------------------------------------
MRM-1586	MRM-1497	1
---------------------------------------------------------
MRM-1582	MRM-1497	1
---------------------------------------------------------
MRM-1584	MRM-1497	1
---------------------------------------------------------
MRM-1585	MRM-1497	1
---------------------------------------------------------
MRM-1583	MRM-1497	1
---------------------------------------------------------
MRM-1589	MRM-1497	1
---------------------------------------------------------
MRM-1614	MRM-1497	1
---------------------------------------------------------
MRM-1617	MRM-1497	1
---------------------------------------------------------
MRM-1620	MRM-1497	1
---------------------------------------------------------
MRM-1621	MRM-1497	1
---------------------------------------------------------
MRM-1631	MRM-1497	1
---------------------------------------------------------
MRM-1639	MRM-1497	1
---------------------------------------------------------
MRM-1490	MRM-1520	1
MRM-1490	MRM-1504	1
---------------------------------------------------------
MRM-1520	MRM-1490	1
---------------------------------------------------------
MRM-694	MRM-801	1
MRM-694	MRM-802	1
---------------------------------------------------------
MRM-801	MRM-694	1
---------------------------------------------------------
MRM-1037	MRM-1038	1
MRM-1037	MRM-1039	1
MRM-1037	MRM-1040	1
MRM-1037	MRM-1041	1
MRM-1037	MRM-1042	1
MRM-1037	MRM-1043	1
MRM-1037	MRM-1044	1
MRM-1037	MRM-1046	1
MRM-1037	MRM-609	1
MRM-1037	MRM-933	1
MRM-1037	MRM-495	1
MRM-1037	MRM-732	1
---------------------------------------------------------
MRM-1038	MRM-1037	1
---------------------------------------------------------
MRM-1039	MRM-1037	1
---------------------------------------------------------
MRM-1040	MRM-1037	1
---------------------------------------------------------
MRM-1041	MRM-1037	1
---------------------------------------------------------
MRM-1042	MRM-1037	1
---------------------------------------------------------
MRM-1043	MRM-1037	1
---------------------------------------------------------
MRM-1044	MRM-1037	1
---------------------------------------------------------
MRM-1046	MRM-1037	1
---------------------------------------------------------
MRM-32	MRM-33	1
MRM-32	MRM-34	1
MRM-32	MRM-35	1
MRM-32	MRM-36	1
MRM-32	MRM-47	1
---------------------------------------------------------
MRM-33	MRM-32	1
---------------------------------------------------------
MRM-34	MRM-32	1
---------------------------------------------------------
MRM-35	MRM-32	1
---------------------------------------------------------
MRM-36	MRM-32	1
---------------------------------------------------------
MRM-47	MRM-32	1
---------------------------------------------------------
MRM-39	MRM-44	1
MRM-39	MRM-45	1
MRM-39	MRM-48	1
MRM-39	MRM-52	1
MRM-39	MRM-88	1
---------------------------------------------------------
MRM-44	MRM-39	1
---------------------------------------------------------
MRM-45	MRM-39	1
---------------------------------------------------------
MRM-48	MRM-39	1
---------------------------------------------------------
MRM-52	MRM-39	1
---------------------------------------------------------
MRM-88	MRM-39	1
---------------------------------------------------------
MRM-527	MRM-37	1
---------------------------------------------------------
MRM-60	MRM-275	1
---------------------------------------------------------
MRM-275	MRM-60	1
MRM-275	MRM-294	1
---------------------------------------------------------
MRM-570	MRM-571	1
MRM-570	MRM-572	1
MRM-570	MRM-569	1
MRM-570	MRM-516	1
---------------------------------------------------------
MRM-571	MRM-570	1
---------------------------------------------------------
MRM-572	MRM-570	1
---------------------------------------------------------
MRM-505	MRM-506	1
MRM-505	MRM-508	1
MRM-505	MRM-515	1
---------------------------------------------------------
MRM-506	MRM-505	1
MRM-506	MRM-84	1
MRM-506	MRM-515	1
---------------------------------------------------------
MRM-508	MRM-505	1
MRM-508	MRM-515	1
---------------------------------------------------------
MRM-1876	MRM-1873	1
---------------------------------------------------------
MRM-1873	MRM-1876	1
---------------------------------------------------------
MRM-1932	MRM-1954	1
---------------------------------------------------------
MRM-1954	MRM-1932	1
---------------------------------------------------------
MRM-1933	MRM-1940	1
---------------------------------------------------------
MRM-1940	MRM-1933	1
---------------------------------------------------------
MRM-1924	MRM-1861	1
---------------------------------------------------------
MRM-1861	MRM-1924	1
---------------------------------------------------------
MRM-1951	MRM-1959	1
---------------------------------------------------------
MRM-1942	MRM-1936	1
MRM-1942	MRM-1827	1
---------------------------------------------------------
MRM-1936	MRM-1942	1
---------------------------------------------------------
MRM-488	MRM-615	1
MRM-488	MRM-487	1
---------------------------------------------------------
MRM-615	MRM-488	1
MRM-615	MRM-686	1
MRM-615	MRM-952	1
---------------------------------------------------------
MRM-402	MRM-989	1
---------------------------------------------------------
MRM-989	MRM-402	1
MRM-989	MRM-1096	1
MRM-989	MRM-879	1
---------------------------------------------------------
MRM-408	MRM-243	1
MRM-408	MRM-769	1
---------------------------------------------------------
MRM-469	MRM-514	1
---------------------------------------------------------
MRM-514	MRM-469	1
MRM-514	MRM-470	1
---------------------------------------------------------
MRM-462	MRM-482	1
MRM-462	MRM-476	1
MRM-462	MRM-484	1
---------------------------------------------------------
MRM-482	MRM-462	1
MRM-482	MRM-437	1
MRM-482	MRM-477	1
---------------------------------------------------------
MRM-476	MRM-462	1
---------------------------------------------------------
MRM-437	MRM-482	1
MRM-437	MRM-477	1
---------------------------------------------------------
MRM-477	MRM-437	1
MRM-477	MRM-482	1
---------------------------------------------------------
MRM-489	MRM-419	1
---------------------------------------------------------
MRM-418	MRM-373	1
---------------------------------------------------------
MRM-373	MRM-418	1
---------------------------------------------------------
MRM-455	MRM-265	1
---------------------------------------------------------
MRM-425	MRM-426	1
---------------------------------------------------------
MRM-426	MRM-425	1
---------------------------------------------------------
MRM-410	MRM-378	1
---------------------------------------------------------
MRM-378	MRM-410	1
---------------------------------------------------------
MRM-430	MRM-501	1
MRM-430	MRM-435	1
---------------------------------------------------------
MRM-501	MRM-430	1
---------------------------------------------------------
MRM-435	MRM-430	1
MRM-435	MRM-347	1
---------------------------------------------------------
MRM-487	MRM-488	1
---------------------------------------------------------
MRM-429	MRM-351	1
---------------------------------------------------------
MRM-351	MRM-429	1
---------------------------------------------------------
MRM-466	MRM-467	1
---------------------------------------------------------
MRM-467	MRM-466	1
---------------------------------------------------------
MRM-470	MRM-514	1
---------------------------------------------------------
MRM-404	MRM-1285	1
---------------------------------------------------------
MRM-1285	MRM-404	1
---------------------------------------------------------
MRM-454	MRM-265	1
MRM-454	MRM-544	1
MRM-454	MRM-528	1
MRM-454	MRM-37	1
---------------------------------------------------------
MRM-544	MRM-454	1
MRM-544	MRM-265	1
---------------------------------------------------------
MRM-528	MRM-454	1
MRM-528	MRM-158	1
---------------------------------------------------------
MRM-1602	MRM-1396	1
---------------------------------------------------------
MRM-1396	MRM-1602	1
---------------------------------------------------------
MRM-1528	MRM-1525	1
---------------------------------------------------------
MRM-1525	MRM-1528	1
---------------------------------------------------------
MRM-1450	MRM-1572	1
---------------------------------------------------------
MRM-1567	MRM-1568	1
---------------------------------------------------------
MRM-1534	MRM-1030	1
MRM-1534	MRM-1539	1
---------------------------------------------------------
MRM-1030	MRM-1534	1
---------------------------------------------------------
MRM-1539	MRM-1534	1
---------------------------------------------------------
MRM-124	MRM-206	1
MRM-124	MRM-92	1
---------------------------------------------------------
MRM-206	MRM-124	1
---------------------------------------------------------
MRM-741	MRM-159	1
---------------------------------------------------------
MRM-133	MRM-134	2
MRM-133	MRM-129	1
MRM-133	MRM-37	1
MRM-133	MRM-40	1
---------------------------------------------------------
MRM-134	MRM-133	2
---------------------------------------------------------
MRM-129	MRM-133	1
---------------------------------------------------------
MRM-128	ARCHETYPE-306	1
MRM-128	MRM-799	1
MRM-128	MRM-40	1
---------------------------------------------------------
ARCHETYPE-306	MRM-128	1
---------------------------------------------------------
MRM-799	MRM-128	1
---------------------------------------------------------
MRM-40	MRM-128	1
MRM-40	MRM-133	1
---------------------------------------------------------
MRM-374	MRM-796	1
MRM-374	MRM-407	1
---------------------------------------------------------
MRM-796	MRM-374	1
---------------------------------------------------------
MRM-308	MRM-412	1
MRM-308	MRM-211	1
---------------------------------------------------------
MRM-412	MRM-308	1
---------------------------------------------------------
MRM-375	MRM-371	1
---------------------------------------------------------
MRM-388	MRM-352	1
---------------------------------------------------------
MRM-352	MRM-388	1
---------------------------------------------------------
MRM-520	MRM-382	1
MRM-520	MRM-265	1
---------------------------------------------------------
MRM-369	MRM-414	1
---------------------------------------------------------
MRM-414	MRM-369	1
---------------------------------------------------------
MRM-399	MRM-370	1
---------------------------------------------------------
MRM-370	MRM-399	1
---------------------------------------------------------
MRM-310	MRM-333	1
---------------------------------------------------------
MRM-333	MRM-310	1
MRM-333	MRM-323	1
MRM-333	MRM-213	1
MRM-333	MRM-205	1
MRM-333	MRM-243	1
MRM-333	MRM-288	1
MRM-333	MRM-769	1
---------------------------------------------------------
MRM-347	MRM-435	1
---------------------------------------------------------
MRM-323	MRM-333	1
---------------------------------------------------------
MRM-367	MRM-1865	1
---------------------------------------------------------
MRM-1865	MRM-367	1
---------------------------------------------------------
MRM-329	MRM-354	1
---------------------------------------------------------
MRM-354	MRM-329	1
---------------------------------------------------------
MRM-1495	MRM-1491	1
---------------------------------------------------------
MRM-1491	MRM-1495	1
---------------------------------------------------------
MRM-1440	MRM-368	1
---------------------------------------------------------
MRM-1259	MRM-1275	1
---------------------------------------------------------
MRM-1275	MRM-1259	1
---------------------------------------------------------
MRM-1240	MRM-1238	1
---------------------------------------------------------
MRM-1238	MRM-1240	1
---------------------------------------------------------
MRM-1256	MRM-1492	1
---------------------------------------------------------
MRM-1492	MRM-1256	1
---------------------------------------------------------
MRM-1205	MRM-1347	1
---------------------------------------------------------
MRM-1347	MRM-1205	1
MRM-1347	MRM-1149	1
MRM-1347	MRM-684	1
MRM-1347	MRM-1035	1
MRM-1347	MRM-993	1
MRM-1347	MRM-588	1
MRM-1347	MRM-798	1
MRM-1347	MRM-782	1
MRM-1347	MRM-830	1
MRM-1347	MRM-813	1
MRM-1347	MRM-1374	1
MRM-1347	MRM-1383	1
MRM-1347	MRM-1391	1
MRM-1347	MRM-1392	1
MRM-1347	MRM-1381	1
---------------------------------------------------------
MRM-1279	MRM-1306	1
---------------------------------------------------------
MRM-1306	MRM-1279	1
---------------------------------------------------------
MRM-1229	MRM-1080	1
---------------------------------------------------------
MRM-1080	MRM-1229	1
---------------------------------------------------------
MRM-1260	MRM-976	1
---------------------------------------------------------
MRM-976	MRM-1260	1
---------------------------------------------------------
MRM-1132	MRM-1161	1
---------------------------------------------------------
MRM-1161	MRM-1132	1
MRM-1161	MRM-1160	1
MRM-1161	MRM-1179	1
MRM-1161	MRM-1143	1
---------------------------------------------------------
MRM-1150	MRM-1137	1
---------------------------------------------------------
MRM-1155	MRM-1162	1
MRM-1155	MRM-1180	1
MRM-1155	MRM-749	1
---------------------------------------------------------
MRM-1162	MRM-1155	1
---------------------------------------------------------
MRM-1180	MRM-1155	1
---------------------------------------------------------
MRM-749	MRM-1155	1
MRM-749	MRM-148	1
---------------------------------------------------------
MRM-1111	MRM-1475	1
MRM-1111	MRM-1206	1
MRM-1111	MRM-1364	1
---------------------------------------------------------
MRM-1475	MRM-1111	1
---------------------------------------------------------
MRM-1206	MRM-1111	1
---------------------------------------------------------
MRM-1364	MRM-1111	1
---------------------------------------------------------
MRM-1195	MRM-149	1
---------------------------------------------------------
MRM-149	MRM-1195	1
---------------------------------------------------------
MRM-1190	MRM-1149	1
---------------------------------------------------------
MRM-1172	MRM-964	1
---------------------------------------------------------
MRM-1157	MRM-1176	1
---------------------------------------------------------
MRM-1176	MRM-1157	1
---------------------------------------------------------
MRM-1143	MRM-1161	1
---------------------------------------------------------
MRM-1100	MRM-1097	1
---------------------------------------------------------
MRM-1102	MRM-899	1
---------------------------------------------------------
MRM-899	MRM-1102	1
---------------------------------------------------------
MRM-1198	MRM-1235	1
---------------------------------------------------------
MRM-1235	MRM-1198	1
MRM-1235	MRM-1025	1
---------------------------------------------------------
MRM-1112	MRM-1113	1
---------------------------------------------------------
MRM-1113	MRM-1112	1
---------------------------------------------------------
MRM-1181	MRM-1348	1
---------------------------------------------------------
MRM-1348	MRM-1181	1
MRM-1348	MRM-1146	1
MRM-1348	MRM-1383	1
MRM-1348	MRM-1381	1
---------------------------------------------------------
MRM-687	MRM-620	1
---------------------------------------------------------
MRM-620	MRM-687	1
MRM-620	MRM-686	1
MRM-620	MRM-952	1
---------------------------------------------------------
MRM-684	MRM-1347	1
MRM-684	MRM-643	1
MRM-684	WAGON-101	1
MRM-684	MRM-781	1
---------------------------------------------------------
MRM-659	MRM-663	1
---------------------------------------------------------
MRM-663	MRM-659	1
---------------------------------------------------------
MRM-628	MRM-1101	1
---------------------------------------------------------
MRM-1101	MRM-628	1
---------------------------------------------------------
MRM-630	CONTINUUM-1617	1
---------------------------------------------------------
CONTINUUM-1617	MRM-630	1
---------------------------------------------------------
MRM-664	MRM-481	1
---------------------------------------------------------
MRM-646	MRM-545	1
MRM-646	MRM-619	1
---------------------------------------------------------
MRM-545	MRM-646	1
MRM-545	MRM-619	1
---------------------------------------------------------
MRM-619	MRM-646	1
MRM-619	MRM-545	1
MRM-619	MRM-645	1
---------------------------------------------------------
MRM-655	MRM-688	1
---------------------------------------------------------
MRM-688	MRM-655	1
MRM-688	MRM-597	1
MRM-688	MRM-702	1
MRM-688	MRM-553	1
MRM-688	MRM-618	1
---------------------------------------------------------
MRM-647	MRM-696	1
---------------------------------------------------------
MRM-696	MRM-647	1
---------------------------------------------------------
MRM-786	MRM-665	1
---------------------------------------------------------
MRM-676	MRM-1761	1
---------------------------------------------------------
MRM-1761	MRM-676	1
---------------------------------------------------------
MRM-622	MRM-608	1
MRM-622	MRM-538	1
---------------------------------------------------------
MRM-608	MRM-622	1
---------------------------------------------------------
MRM-802	MRM-694	1
---------------------------------------------------------
MRM-645	MRM-619	1
---------------------------------------------------------
MRM-612	MRM-890	1
MRM-612	MRM-1033	1
MRM-612	MRM-1056	1
---------------------------------------------------------
MRM-890	MRM-612	1
MRM-890	MRM-1056	2
---------------------------------------------------------
MRM-1033	MRM-612	1
---------------------------------------------------------
MRM-798	MRM-1067	1
MRM-798	MRM-830	1
MRM-798	MRM-1347	1
---------------------------------------------------------
MRM-1096	MRM-989	1
MRM-1096	MRM-879	1
---------------------------------------------------------
MRM-1056	MRM-612	1
MRM-1056	MRM-890	2
---------------------------------------------------------
MRM-1103	MRM-1097	1
---------------------------------------------------------
MRM-1050	CONTINUUM-1998	1
MRM-1050	MRM-1068	1
---------------------------------------------------------
CONTINUUM-1998	MRM-1050	1
---------------------------------------------------------
MRM-1005	MRM-902	2
---------------------------------------------------------
MRM-902	MRM-1005	2
---------------------------------------------------------
MRM-855	MRM-870	1
---------------------------------------------------------
MRM-870	MRM-855	1
---------------------------------------------------------
MRM-844	MRM-560	1
MRM-844	MRM-952	1
---------------------------------------------------------
MRM-560	MRM-844	1
---------------------------------------------------------
MRM-831	MRM-804	1
---------------------------------------------------------
MRM-804	MRM-831	1
---------------------------------------------------------
MRM-815	MRM-1318	2
MRM-815	MRM-1345	1
---------------------------------------------------------
MRM-1318	MRM-815	2
MRM-1318	MRM-1345	1
---------------------------------------------------------
MRM-837	MRM-1456	1
MRM-837	MRM-964	1
MRM-837	MRM-935	1
---------------------------------------------------------
MRM-1456	MRM-837	1
---------------------------------------------------------
MRM-842	MRM-836	1
---------------------------------------------------------
MRM-836	MRM-842	1
---------------------------------------------------------
MRM-875	MRM-1350	1
---------------------------------------------------------
MRM-1350	MRM-875	1
---------------------------------------------------------
MRM-833	MRM-852	1
---------------------------------------------------------
MRM-879	MRM-989	1
MRM-879	MRM-1096	1
---------------------------------------------------------
MRM-1805	MRM-1808	1
---------------------------------------------------------
MRM-1808	MRM-1805	1
---------------------------------------------------------
MRM-53	MRM-16	1
---------------------------------------------------------
MRM-16	MRM-53	1
---------------------------------------------------------
MRM-84	MRM-506	1
---------------------------------------------------------
MRM-993	MRM-1347	1
---------------------------------------------------------
MRM-935	MRM-837	1
---------------------------------------------------------
MRM-980	MRM-1021	1
MRM-980	MRM-1409	1
MRM-980	MRM-1405	1
MRM-980	MRM-1397	1
MRM-980	MRM-1398	1
MRM-980	MRM-1400	1
MRM-980	MRM-1401	1
MRM-980	MRM-1402	1
MRM-980	MRM-1403	1
MRM-980	MRM-1404	1
MRM-980	MRM-1406	1
MRM-980	MRM-1408	1
MRM-980	MRM-1407	1
MRM-980	MRM-1399	1
---------------------------------------------------------
MRM-1021	MRM-980	1
---------------------------------------------------------
MRM-921	MRM-922	1
---------------------------------------------------------
MRM-541	MRM-936	1
---------------------------------------------------------
MRM-936	MRM-541	1
---------------------------------------------------------
MRM-524	MRM-590	1
---------------------------------------------------------
MRM-590	MRM-524	1
---------------------------------------------------------
MRM-553	MRM-523	1
MRM-553	MRM-688	1
---------------------------------------------------------
MRM-523	MRM-553	1
MRM-523	MRM-829	1
---------------------------------------------------------
MRM-584	MRM-592	1
MRM-584	MRM-877	1
---------------------------------------------------------
MRM-592	MRM-584	1
---------------------------------------------------------
MRM-877	MRM-584	1
---------------------------------------------------------
MRM-588	MRM-1347	1
---------------------------------------------------------
MRM-562	MRM-552	1
MRM-562	MRM-557	1
MRM-562	MRM-313	1
MRM-562	MRM-109	1
---------------------------------------------------------
MRM-552	MRM-562	1
---------------------------------------------------------
MRM-557	MRM-562	1
MRM-557	MRM-313	1
MRM-557	MRM-563	1
---------------------------------------------------------
MRM-574	MRM-556	1
---------------------------------------------------------
MRM-556	MRM-574	1
---------------------------------------------------------
MRM-313	MRM-557	1
MRM-313	MRM-562	1
---------------------------------------------------------
MRM-516	MRM-569	1
MRM-516	MRM-570	1
---------------------------------------------------------
MRM-569	MRM-516	1
MRM-569	MRM-286	1
MRM-569	MRM-570	1
---------------------------------------------------------
MRM-538	MRM-622	1
---------------------------------------------------------
MRM-597	MRM-794	1
MRM-597	MRM-688	1
---------------------------------------------------------
MRM-794	MRM-597	1
---------------------------------------------------------
MRM-213	MRM-333	1
---------------------------------------------------------
MRM-205	MRM-333	1
---------------------------------------------------------
MRM-294	MRM-275	1
---------------------------------------------------------
MRM-232	MRM-231	1
---------------------------------------------------------
MRM-231	MRM-232	1
---------------------------------------------------------
CONTINUUM-1113	MRM-227	1
---------------------------------------------------------
CONTINUUM-1368	MRM-227	1
---------------------------------------------------------
MRM-234	MRM-172	1
MRM-234	MRM-781	1
---------------------------------------------------------
MRM-172	MRM-234	1
---------------------------------------------------------
MRM-209	MRM-183	1
---------------------------------------------------------
MRM-183	MRM-209	1
---------------------------------------------------------
MRM-211	MRM-210	1
MRM-211	MRM-308	1
---------------------------------------------------------
MRM-210	MRM-211	1
---------------------------------------------------------
MRM-238	MRM-212	1
---------------------------------------------------------
MRM-212	MRM-238	1
---------------------------------------------------------
MRM-239	MRM-142	1
MRM-239	MRM-262	1
---------------------------------------------------------
MRM-142	MRM-239	1
MRM-142	MNG-2481	1
---------------------------------------------------------
MRM-702	MRM-688	1
---------------------------------------------------------
MRM-789	MRM-827	1
---------------------------------------------------------
MRM-827	MRM-789	1
---------------------------------------------------------
MRM-755	MRM-757	1
MRM-755	MRM-756	1
---------------------------------------------------------
MRM-757	MRM-755	1
MRM-757	MRM-756	1
---------------------------------------------------------
MRM-785	MRM-774	1
---------------------------------------------------------
MRM-774	MRM-785	1
---------------------------------------------------------
MRM-727	MRM-734	1
---------------------------------------------------------
MRM-1196	MRM-747	1
---------------------------------------------------------
MRM-729	MRM-227	1
MRM-729	MRM-415	1
MRM-729	MRM-1025	1
---------------------------------------------------------
MRM-718	MRM-722	1
---------------------------------------------------------
MRM-722	MRM-718	1
---------------------------------------------------------
MRM-782	MRM-1347	1
---------------------------------------------------------
MRM-756	MRM-755	1
MRM-756	MRM-757	1
---------------------------------------------------------
MRM-1763	MRM-1170	1
---------------------------------------------------------
MRM-1170	MRM-1763	1
---------------------------------------------------------
MRM-1736	MRM-1740	1
---------------------------------------------------------
MRM-1740	MRM-1736	1
---------------------------------------------------------
MRM-1787	MRM-1777	1
---------------------------------------------------------
MRM-1777	MRM-1787	1
---------------------------------------------------------
MRM-1328	MRM-1704	1
---------------------------------------------------------
MRM-1704	MRM-1328	1
MRM-1704	MRM-1771	1
---------------------------------------------------------
MRM-1313	MRM-1002	1
---------------------------------------------------------
MRM-1002	MRM-1313	1
MRM-1002	MRM-1314	1
MRM-1002	MRM-639	1
---------------------------------------------------------
MRM-1367	MRM-1276	1
---------------------------------------------------------
MRM-1276	MRM-1367	1
---------------------------------------------------------
MRM-1369	CONTINUUM-2003	1
MRM-1369	CONTINUUM-2497	1
---------------------------------------------------------
CONTINUUM-2003	MRM-1369	1
---------------------------------------------------------
CONTINUUM-2497	MRM-1369	1
---------------------------------------------------------
MRM-1357	MDEPLOY-118	1
---------------------------------------------------------
MDEPLOY-118	MRM-1357	1
---------------------------------------------------------
MRM-1314	MRM-1002	1
---------------------------------------------------------
MRM-813	MRM-1347	1
---------------------------------------------------------
MRM-1146	MRM-1348	1
---------------------------------------------------------
MRM-1346	MRM-889	1
---------------------------------------------------------
MRM-889	MRM-1346	1
---------------------------------------------------------
MRM-1374	MRM-1347	1
---------------------------------------------------------
MRM-1380	MRM-1360	1
MRM-1380	MRM-1383	1
---------------------------------------------------------
MRM-1360	MRM-1380	1
MRM-1360	MRM-1383	1
---------------------------------------------------------
MRM-484	MRM-462	1
---------------------------------------------------------
MRM-92	MRM-124	1
MRM-92	MRM-123	1
---------------------------------------------------------
MRM-127	MRM-121	1
---------------------------------------------------------
MRM-121	MRM-127	1
---------------------------------------------------------
MRM-123	MRM-92	1
---------------------------------------------------------
MRM-1444	MRM-1429	1
---------------------------------------------------------
MRM-1429	MRM-1444	1
---------------------------------------------------------
MRM-1468	MRM-1086	1
MRM-1468	MRM-1295	1
---------------------------------------------------------
MRM-1086	MRM-1468	1
---------------------------------------------------------
MRM-1295	MRM-1468	1
---------------------------------------------------------
MRM-1439	MRM-1058	1
---------------------------------------------------------
MRM-1058	MRM-1439	1
MRM-1058	MRM-1264	1
---------------------------------------------------------
MRM-1264	MRM-1058	1
---------------------------------------------------------
MRM-643	MRM-684	1
---------------------------------------------------------
MRM-618	MRM-688	1
---------------------------------------------------------
MRM-1025	MRM-914	1
MRM-1025	MRM-568	1
MRM-1025	MRM-657	1
MRM-1025	MRM-721	1
MRM-1025	MRM-729	1
MRM-1025	MRM-735	1
MRM-1025	MRM-951	1
MRM-1025	MRM-990	1
MRM-1025	MRM-705	1
MRM-1025	MRM-1001	1
MRM-1025	MRM-1235	1
MRM-1025	MRM-1317	1
MRM-1025	MRM-1282	1
MRM-1025	MRM-1283	1
MRM-1025	MRM-1288	1
MRM-1025	MRM-1292	1
MRM-1025	MRM-1293	1
MRM-1025	MRM-1299	1
MRM-1025	MRM-1300	1
MRM-1025	MRM-1301	1
---------------------------------------------------------
MRM-914	MRM-1025	1
---------------------------------------------------------
MRM-568	MRM-1025	1
---------------------------------------------------------
MRM-657	MRM-1025	1
---------------------------------------------------------
MRM-721	MRM-1025	1
---------------------------------------------------------
MRM-735	MRM-1025	1
---------------------------------------------------------
MRM-951	MRM-1025	1
---------------------------------------------------------
MRM-990	MRM-1025	1
---------------------------------------------------------
MRM-705	MRM-1025	1
---------------------------------------------------------
MRM-1001	MRM-1025	1
---------------------------------------------------------
MRM-793	MRM-829	1
---------------------------------------------------------
MRM-826	MRM-829	1
---------------------------------------------------------
MRM-604	MRM-829	1
---------------------------------------------------------
MRM-895	MRM-683	1
---------------------------------------------------------
MRM-683	MRM-895	1
---------------------------------------------------------
MRM-29	MNG-701	1
---------------------------------------------------------
MNG-701	MRM-29	1
---------------------------------------------------------
MRM-907	MRM-1072	1
MRM-907	MRM-772	1
MRM-907	MRM-885	1
---------------------------------------------------------
MRM-1072	MRM-907	1
---------------------------------------------------------
MRM-772	MRM-907	1
---------------------------------------------------------
MRM-999	MRM-776	1
---------------------------------------------------------
MRM-776	MRM-999	1
---------------------------------------------------------
MRM-286	MRM-569	1
---------------------------------------------------------
MRM-158	MRM-528	1
---------------------------------------------------------
MRM-262	MRM-239	1
MRM-262	MRM-261	1
---------------------------------------------------------
MRM-148	MRM-749	1
MRM-148	MRM-156	1
---------------------------------------------------------
MRM-759	MRM-766	1
---------------------------------------------------------
MRM-766	MRM-759	1
---------------------------------------------------------
MRM-781	MRM-419	1
MRM-781	MRM-234	1
MRM-781	MRM-769	1
MRM-781	MRM-684	1
---------------------------------------------------------
MRM-737	MRM-970	1
---------------------------------------------------------
MRM-970	MRM-737	1
---------------------------------------------------------
MRM-1827	MRM-1942	1
---------------------------------------------------------
MRM-491	MRM-515	1
---------------------------------------------------------
MRM-515	MRM-491	1
MRM-515	MRM-506	1
MRM-515	MRM-508	1
MRM-515	MRM-505	1
---------------------------------------------------------
MRM-495	MRM-1345	1
MRM-495	MRM-1037	1
---------------------------------------------------------
MRM-1501	MINDEXER-36	1
---------------------------------------------------------
MINDEXER-36	MRM-1501	1
---------------------------------------------------------
MRM-1502	MRM-1503	1
---------------------------------------------------------
MRM-1503	MRM-1502	1
---------------------------------------------------------
MRM-156	MRM-148	1
---------------------------------------------------------
MRM-143	MRM-409	1
---------------------------------------------------------
MRM-409	MRM-143	1
---------------------------------------------------------
MNG-2481	MRM-142	1
---------------------------------------------------------
MRM-173	MRM-1345	1
---------------------------------------------------------
MRM-119	MRM-1345	1
---------------------------------------------------------
MRM-407	MRM-374	1
---------------------------------------------------------
MRM-312	WAGON-79	1
MRM-312	WAGON-81	1
---------------------------------------------------------
WAGON-79	MRM-312	1
---------------------------------------------------------
WAGON-81	MRM-312	1
---------------------------------------------------------
MRM-1409	MRM-980	1
---------------------------------------------------------
MRM-1405	MRM-980	1
---------------------------------------------------------
MRM-1263	MRM-1345	1
---------------------------------------------------------
MRM-1283	MRM-1282	1
MRM-1283	MRM-1025	1
---------------------------------------------------------
MRM-1218	MRM-1217	1
MRM-1218	MRM-1216	1
---------------------------------------------------------
MRM-1217	MRM-1218	1
---------------------------------------------------------
MRM-1287	MRM-1345	1
---------------------------------------------------------
MRM-1216	MRM-1218	1
---------------------------------------------------------
MRM-1129	MRM-1345	1
MRM-1129	MINDEXER-35	1
---------------------------------------------------------
MINDEXER-35	MRM-1129	1
---------------------------------------------------------
MRM-1130	MRM-1107	1
---------------------------------------------------------
MRM-1107	MRM-1130	1
MRM-1107	MRM-616	1
---------------------------------------------------------
MRM-1197	MRM-1212	1
---------------------------------------------------------
MRM-1212	MRM-1197	1
---------------------------------------------------------
MRM-1125	MRM-1345	1
---------------------------------------------------------
WAGON-101	MRM-684	1
---------------------------------------------------------
MRM-667	WAGON-86	1
---------------------------------------------------------
WAGON-86	MRM-667	1
---------------------------------------------------------
MRM-1317	MRM-1025	1
---------------------------------------------------------
MRM-1288	MRM-1025	1
---------------------------------------------------------
MRM-1292	MRM-1025	1
---------------------------------------------------------
MRM-1293	MRM-1025	1
---------------------------------------------------------
MRM-1299	MRM-1025	1
---------------------------------------------------------
MRM-1300	MRM-1025	1
---------------------------------------------------------
MRM-1301	MRM-1025	1
---------------------------------------------------------
MRM-1090	MRM-1345	1
---------------------------------------------------------
MRM-609	MRM-1037	1
---------------------------------------------------------
MRM-933	MRM-1037	1
---------------------------------------------------------
MRM-732	MRM-1037	1
---------------------------------------------------------
MRM-1085	MRM-881	1
---------------------------------------------------------
MRM-881	MRM-1085	1
---------------------------------------------------------
MRM-1068	MRM-1050	1
---------------------------------------------------------
MRM-807	MRM-841	1
---------------------------------------------------------
MRM-841	MRM-807	1
---------------------------------------------------------
MRM-866	MRM-865	1
---------------------------------------------------------
MRM-865	MRM-866	1
---------------------------------------------------------
MRM-885	MRM-907	1
---------------------------------------------------------
MRM-59	MRM-43	1
---------------------------------------------------------
MRM-43	MRM-59	1
---------------------------------------------------------
MRM-1397	MRM-980	1
---------------------------------------------------------
MRM-1398	MRM-980	1
---------------------------------------------------------
MRM-1400	MRM-980	1
---------------------------------------------------------
MRM-1401	MRM-980	1
---------------------------------------------------------
MRM-1402	MRM-980	1
---------------------------------------------------------
MRM-1403	MRM-980	1
---------------------------------------------------------
MRM-1404	MRM-980	1
---------------------------------------------------------
MRM-1406	MRM-980	1
---------------------------------------------------------
MRM-1408	MRM-980	1
---------------------------------------------------------
MRM-1407	MRM-980	1
---------------------------------------------------------
MRM-926	MRM-915	1
---------------------------------------------------------
MRM-915	MRM-926	1
---------------------------------------------------------
MRM-593	MRM-594	1
---------------------------------------------------------
MRM-594	MRM-593	1
---------------------------------------------------------
MRM-109	MRM-562	1
---------------------------------------------------------
MRM-563	MRM-557	1
---------------------------------------------------------
MRM-261	MRM-262	1
---------------------------------------------------------
MRM-711	MRM-677	1
---------------------------------------------------------
MRM-677	MRM-711	1
MRM-677	MRM-777	1
---------------------------------------------------------
MRM-712	MRM-739	1
---------------------------------------------------------
MRM-777	MRM-677	1
---------------------------------------------------------
MRM-1771	MRM-1704	1
---------------------------------------------------------
MRM-1941	MRM-1828	1
---------------------------------------------------------
MRM-1828	MRM-1941	1
---------------------------------------------------------
MRM-1329	MRM-1327	1
---------------------------------------------------------
MRM-1327	MRM-1329	1
---------------------------------------------------------
MRM-1383	MRM-1360	1
MRM-1383	MRM-1347	1
MRM-1383	MRM-1348	1
MRM-1383	MRM-1380	1
MRM-1383	MRM-1381	1
MRM-1383	MRM-1385	1
MRM-1383	MRM-1359	1
MRM-1383	MRM-1379	1
MRM-1383	MRM-1382	1
---------------------------------------------------------
MRM-1381	MRM-1383	1
MRM-1381	MRM-1347	1
MRM-1381	MRM-1348	1
---------------------------------------------------------
MRM-1385	MRM-1383	1
---------------------------------------------------------
MRM-1359	MRM-1383	1
---------------------------------------------------------
MRM-1379	MRM-1383	1
---------------------------------------------------------
MRM-1382	MRM-1383	1
---------------------------------------------------------
MRM-1391	MRM-1347	1
---------------------------------------------------------
MRM-1392	MRM-1347	1
---------------------------------------------------------
MRM-1399	MRM-980	1
---------------------------------------------------------
