issue_id,username
MRM-1656,BigMichi1
MRM-1674,Chris Harris
MRM-1659,Chris Harris
MRM-1659,Chris Harris
MRM-1659,Chris Harris
MRM-1659,Chris Harris
MRM-1659,Chris Harris
MRM-1673,Chris Harris
MRM-1673,Chris Harris
MRM-1673,Chris Harris
MRM-1673,Chris Harris
MRM-1673,Chris Harris
MRM-1670,Chris Harris
MRM-1670,Chris Harris
MRM-1664,Chris Harris
MRM-1665,Chris Harris
MRM-1672,Chris Harris
MRM-1816,Chris Harris
MRM-1816,Chris Harris
MRM-1808,Chris Harris
MRM-1812,Chris Harris
MRM-1813,Chris Harris
MRM-998,Chris Harris
MRM-1782,Chris Harris
MRM-1724,Chris Harris
MRM-1784,Chris Harris
MRM-1425,ChrisGWarp
MRM-1425,ChrisGWarp
MRM-1412,ChrisGWarp
MRM-1426,ChrisGWarp
MRM-1426,ChrisGWarp
MRM-1747,ChrisGWarp
MRM-1777,ChrisGWarp
MRM-717,aarmesto
MRM-717,aarmesto
MRM-717,aarmesto
MRM-657,aaron
MRM-657,aaron
MRM-935,aaron
MRM-935,aaron
MRM-935,aaron
MRM-1749,afranken
MRM-821,ahempel@atlassian.com
MRM-165,aheritier
MRM-153,aheritier
MRM-338,aheritier
MRM-307,aheritier
MRM-339,aheritier
MRM-339,aheritier
MRM-323,aheritier
MRM-323,aheritier
MRM-323,aheritier
MRM-323,aheritier
MRM-323,aheritier
MRM-323,aheritier
MRM-323,aheritier
MRM-323,aheritier
MRM-340,aheritier
MRM-329,aheritier
MRM-329,aheritier
MRM-1136,aheritier
MRM-1136,aheritier
MRM-1136,aheritier
MRM-631,aheritier
MRM-631,aheritier
MRM-631,aheritier
MRM-663,aheritier
MRM-911,aheritier
MRM-573,aheritier
MRM-512,aheritier
MRM-567,aheritier
MRM-567,aheritier
MRM-561,aheritier
MRM-213,aheritier
MRM-213,aheritier
MRM-232,aheritier
MRM-227,aheritier
MRM-211,aheritier
MRM-211,aheritier
MRM-211,aheritier
MRM-211,aheritier
MRM-211,aheritier
MRM-216,aheritier
MRM-212,aheritier
MRM-212,aheritier
MRM-212,aheritier
MRM-212,aheritier
MRM-212,aheritier
MRM-212,aheritier
MRM-236,aheritier
MRM-288,aheritier
MRM-288,aheritier
MRM-796,aheritier
MRM-796,aheritier
MRM-796,aheritier
MRM-752,aheritier
MRM-769,aheritier
MRM-769,aheritier
MRM-729,aheritier
MRM-729,aheritier
MRM-729,aheritier
MRM-797,aheritier
MRM-797,aheritier
MRM-797,aheritier
MRM-797,aheritier
MRM-797,aheritier
MRM-797,aheritier
MRM-797,aheritier
MRM-1085,ahughes
MRM-1085,ahughes
MRM-525,ajbanck
MRM-1143,ak888
MRM-1143,ak888
MRM-686,aka3
MRM-1661,alecharp
MRM-1653,alecharp
MRM-1696,alecharp
MRM-1696,alecharp
MRM-1585,alecharp
MRM-1583,alecharp
MRM-1583,alecharp
MRM-1583,alecharp
MRM-1583,alecharp
MRM-601,alex_mayorga
MRM-525,alex_mayorga
MRM-525,alex_mayorga
MRM-1613,alexlehm
MRM-1613,alexlehm
MRM-1931,alexz
MRM-1688,ali65
MRM-1861,amansour
MRM-1861,amansour
MRM-1189,amuino
MRM-1189,amuino
MRM-1167,amuino
MRM-728,anachimuthu0
MRM-728,anachimuthu0
MRM-1272,andreas_baumann
MRM-1363,andreas_baumann
MRM-1363,andreas_baumann
MRM-1197,andreasch
MRM-1197,andreasch
MRM-832,andreasch
MRM-1419,andreyevbr
MRM-1419,andreyevbr
MRM-1097,andreyevbr
MRM-616,angelcervera
MRM-616,angelcervera
MRM-1859,ankurpshah@gmail.com
MRM-1567,apache.maillist
MRM-1245,apache.maillist
MRM-1245,apache.maillist
MRM-1245,apache.maillist
MRM-1245,apache.maillist
MRM-1245,apache.maillist
MRM-1245,apache.maillist
MRM-73,aramirez
MRM-80,aramirez
MRM-80,aramirez
MRM-253,aramirez
MRM-1444,armbrust
MRM-1157,ashokcm
MRM-1157,ashokcm
MRM-1467,astine
MRM-1467,astine
MRM-1467,astine
MRM-1467,astine
MRM-501,atarutin
MRM-1894,aviadArchiva
MRM-1894,aviadArchiva
MRM-1894,aviadArchiva
MRM-1894,aviadArchiva
MRM-1845,axel3rd
MRM-1785,axel3rd
MRM-1785,axel3rd
MRM-1785,axel3rd
MRM-1785,axel3rd
MRM-1785,axel3rd
MRM-408,axismundi
MRM-408,axismundi
MRM-1256,axismundi
MRM-1256,axismundi
MRM-1256,axismundi
MRM-1256,axismundi
MRM-1253,axismundi
MRM-1253,axismundi
MRM-1253,axismundi
MRM-1253,axismundi
MRM-1253,axismundi
MRM-1291,axismundi
MRM-1291,axismundi
MRM-1291,axismundi
MRM-1291,axismundi
MRM-1151,axismundi
MRM-1187,axismundi
MRM-1104,axismundi
MRM-1198,axismundi
MRM-1056,axismundi
MRM-1097,axismundi
MRM-1097,axismundi
MRM-1097,axismundi
MRM-1077,axismundi
MRM-846,axismundi
MRM-846,axismundi
MRM-834,axismundi
MRM-831,axismundi
MRM-976,axismundi
MRM-976,axismundi
MRM-598,axismundi
MRM-747,axismundi
MRM-747,axismundi
MRM-747,axismundi
MRM-747,axismundi
MRM-747,axismundi
MRM-747,axismundi
MRM-747,axismundi
MRM-747,axismundi
MRM-747,axismundi
MRM-798,axismundi
MRM-1157,ayven
MRM-294,baerrach
MRM-1481,barinluk
MRM-1071,bastiaan01
MRM-1097,batkinson
MRM-739,bcartereau
MRM-739,bcartereau
MRM-830,bcros
MRM-731,bdecherf
MRM-432,becool26
MRM-1194,ben.lidgey
MRM-1194,ben.lidgey
MRM-683,ben.lidgey
MRM-1097,ben.lidgey
MRM-833,ben.lidgey
MRM-1085,bernd
MRM-1085,bernd
MRM-1085,bernd
MRM-1085,bernd
MRM-1370,bfreuden
MRM-1357,bfreuden
MRM-1357,bfreuden
MRM-1814,bklau2006
MRM-1796,bklau2006
MRM-1786,bklau2006
MRM-1516,bmargulies
MRM-1078,bob_walker99
MRM-1183,bomber
MRM-1058,bpfoster
MRM-1058,bpfoster
MRM-1058,bpfoster
MRM-1058,bpfoster
MRM-1058,bpfoster
MRM-1058,bpfoster
MRM-268,breadfan@gmx.de
MRM-243,breadfan@gmx.de
MRM-436,brettporter
MRM-402,brettporter
MRM-456,brettporter
MRM-452,brettporter
MRM-408,brettporter
MRM-408,brettporter
MRM-408,brettporter
MRM-428,brettporter
MRM-462,brettporter
MRM-462,brettporter
MRM-462,brettporter
MRM-450,brettporter
MRM-460,brettporter
MRM-483,brettporter
MRM-419,brettporter
MRM-419,brettporter
MRM-458,brettporter
MRM-459,brettporter
MRM-459,brettporter
MRM-491,brettporter
MRM-427,brettporter
MRM-401,brettporter
MRM-401,brettporter
MRM-401,brettporter
MRM-465,brettporter
MRM-482,brettporter
MRM-481,brettporter
MRM-481,brettporter
MRM-449,brettporter
MRM-455,brettporter
MRM-448,brettporter
MRM-406,brettporter
MRM-406,brettporter
MRM-406,brettporter
MRM-430,brettporter
MRM-487,brettporter
MRM-476,brettporter
MRM-429,brettporter
MRM-466,brettporter
MRM-404,brettporter
MRM-494,brettporter
MRM-412,brettporter
MRM-412,brettporter
MRM-495,brettporter
MRM-495,brettporter
MRM-446,brettporter
MRM-1652,brettporter
MRM-1652,brettporter
MRM-1694,brettporter
MRM-1643,brettporter
MRM-1643,brettporter
MRM-1656,brettporter
MRM-1646,brettporter
MRM-1602,brettporter
MRM-1647,brettporter
MRM-1632,brettporter
MRM-1529,brettporter
MRM-1513,brettporter
MRM-1517,brettporter
MRM-1517,brettporter
MRM-1521,brettporter
MRM-1515,brettporter
MRM-1534,brettporter
MRM-1530,brettporter
MRM-1525,brettporter
MRM-1525,brettporter
MRM-1518,brettporter
MRM-1516,brettporter
MRM-1531,brettporter
MRM-134,brettporter
MRM-148,brettporter
MRM-148,brettporter
MRM-148,brettporter
MRM-162,brettporter
MRM-108,brettporter
MRM-143,brettporter
MRM-197,brettporter
MRM-163,brettporter
MRM-154,brettporter
MRM-154,brettporter
MRM-175,brettporter
MRM-175,brettporter
MRM-142,brettporter
MRM-142,brettporter
MRM-142,brettporter
MRM-142,brettporter
MRM-152,brettporter
MRM-186,brettporter
MRM-186,brettporter
MRM-185,brettporter
MRM-185,brettporter
MRM-180,brettporter
MRM-180,brettporter
MRM-180,brettporter
MRM-159,brettporter
MRM-117,brettporter
MRM-169,brettporter
MRM-127,brettporter
MRM-127,brettporter
MRM-140,brettporter
MRM-100,brettporter
MRM-181,brettporter
MRM-181,brettporter
MRM-181,brettporter
MRM-146,brettporter
MRM-146,brettporter
MRM-196,brettporter
MRM-138,brettporter
MRM-182,brettporter
MRM-174,brettporter
MRM-179,brettporter
MRM-155,brettporter
MRM-155,brettporter
MRM-155,brettporter
MRM-155,brettporter
MRM-155,brettporter
MRM-155,brettporter
MRM-155,brettporter
MRM-141,brettporter
MRM-141,brettporter
MRM-141,brettporter
MRM-141,brettporter
MRM-129,brettporter
MRM-130,brettporter
MRM-130,brettporter
MRM-130,brettporter
MRM-184,brettporter
MRM-184,brettporter
MRM-153,brettporter
MRM-153,brettporter
MRM-153,brettporter
MRM-173,brettporter
MRM-119,brettporter
MRM-119,brettporter
MRM-172,brettporter
MRM-172,brettporter
MRM-183,brettporter
MRM-120,brettporter
MRM-395,brettporter
MRM-374,brettporter
MRM-374,brettporter
MRM-308,brettporter
MRM-351,brettporter
MRM-354,brettporter
MRM-354,brettporter
MRM-325,brettporter
MRM-312,brettporter
MRM-388,brettporter
MRM-359,brettporter
MRM-396,brettporter
MRM-398,brettporter
MRM-398,brettporter
MRM-376,brettporter
MRM-376,brettporter
MRM-352,brettporter
MRM-352,brettporter
MRM-347,brettporter
MRM-373,brettporter
MRM-387,brettporter
MRM-329,brettporter
MRM-329,brettporter
MRM-329,brettporter
MRM-329,brettporter
MRM-329,brettporter
MRM-1414,brettporter
MRM-1414,brettporter
MRM-1434,brettporter
MRM-1482,brettporter
MRM-1482,brettporter
MRM-1482,brettporter
MRM-1482,brettporter
MRM-1482,brettporter
MRM-1457,brettporter
MRM-1457,brettporter
MRM-1484,brettporter
MRM-1466,brettporter
MRM-1466,brettporter
MRM-1466,brettporter
MRM-1463,brettporter
MRM-1463,brettporter
MRM-1480,brettporter
MRM-1422,brettporter
MRM-1456,brettporter
MRM-1456,brettporter
MRM-1481,brettporter
MRM-1462,brettporter
MRM-1462,brettporter
MRM-1425,brettporter
MRM-1467,brettporter
MRM-1467,brettporter
MRM-1467,brettporter
MRM-1428,brettporter
MRM-1428,brettporter
MRM-1428,brettporter
MRM-1428,brettporter
MRM-1496,brettporter
MRM-1496,brettporter
MRM-1412,brettporter
MRM-1412,brettporter
MRM-1429,brettporter
MRM-1429,brettporter
MRM-1429,brettporter
MRM-1429,brettporter
MRM-1429,brettporter
MRM-1433,brettporter
MRM-1433,brettporter
MRM-1427,brettporter
MRM-1423,brettporter
MRM-1419,brettporter
MRM-1419,brettporter
MRM-1411,brettporter
MRM-1435,brettporter
MRM-1493,brettporter
MRM-1436,brettporter
MRM-1420,brettporter
MRM-1420,brettporter
MRM-1420,brettporter
MRM-1497,brettporter
MRM-1418,brettporter
MRM-1418,brettporter
MRM-1418,brettporter
MRM-1418,brettporter
MRM-1418,brettporter
MRM-1418,brettporter
MRM-1489,brettporter
MRM-1491,brettporter
MRM-1491,brettporter
MRM-1450,brettporter
MRM-1432,brettporter
MRM-1461,brettporter
MRM-1447,brettporter
MRM-1447,brettporter
MRM-1431,brettporter
MRM-1498,brettporter
MRM-1449,brettporter
MRM-1449,brettporter
MRM-1449,brettporter
MRM-1468,brettporter
MRM-1468,brettporter
MRM-1468,brettporter
MRM-1421,brettporter
MRM-1401,brettporter
MRM-1437,brettporter
MRM-1439,brettporter
MRM-1416,brettporter
MRM-1426,brettporter
MRM-1458,brettporter
MRM-1413,brettporter
MRM-1413,brettporter
MRM-1469,brettporter
MRM-1485,brettporter
MRM-1485,brettporter
MRM-1485,brettporter
MRM-1485,brettporter
MRM-1485,brettporter
MRM-1200,brettporter
MRM-1235,brettporter
MRM-1263,brettporter
MRM-1225,brettporter
MRM-1299,brettporter
MRM-1282,brettporter
MRM-1259,brettporter
MRM-1261,brettporter
MRM-1242,brettporter
MRM-1286,brettporter
MRM-1256,brettporter
MRM-1256,brettporter
MRM-1283,brettporter
MRM-1283,brettporter
MRM-1246,brettporter
MRM-1253,brettporter
MRM-1253,brettporter
MRM-1279,brettporter
MRM-1279,brettporter
MRM-1272,brettporter
MRM-1272,brettporter
MRM-1229,brettporter
MRM-1229,brettporter
MRM-1206,brettporter
MRM-1219,brettporter
MRM-1285,brettporter
MRM-1285,brettporter
MRM-1285,brettporter
MRM-1241,brettporter
MRM-1241,brettporter
MRM-1293,brettporter
MRM-1293,brettporter
MRM-1281,brettporter
MRM-1252,brettporter
MRM-1252,brettporter
MRM-1226,brettporter
MRM-1211,brettporter
MRM-1292,brettporter
MRM-1280,brettporter
MRM-1280,brettporter
MRM-1248,brettporter
MRM-1248,brettporter
MRM-1248,brettporter
MRM-1248,brettporter
MRM-1291,brettporter
MRM-1291,brettporter
MRM-1291,brettporter
MRM-1237,brettporter
MRM-1288,brettporter
MRM-1260,brettporter
MRM-1227,brettporter
MRM-1294,brettporter
MRM-1245,brettporter
MRM-1245,brettporter
MRM-1287,brettporter
MRM-1216,brettporter
MRM-1216,brettporter
MRM-1216,brettporter
MRM-1216,brettporter
MRM-1275,brettporter
MRM-1231,brettporter
MRM-1231,brettporter
MRM-1132,brettporter
MRM-1132,brettporter
MRM-1132,brettporter
MRM-1144,brettporter
MRM-1144,brettporter
MRM-1144,brettporter
MRM-1154,brettporter
MRM-1154,brettporter
MRM-1154,brettporter
MRM-1155,brettporter
MRM-1155,brettporter
MRM-1129,brettporter
MRM-1129,brettporter
MRM-1131,brettporter
MRM-1120,brettporter
MRM-1134,brettporter
MRM-1178,brettporter
MRM-1178,brettporter
MRM-1178,brettporter
MRM-1170,brettporter
MRM-1170,brettporter
MRM-1149,brettporter
MRM-1149,brettporter
MRM-1149,brettporter
MRM-1191,brettporter
MRM-1111,brettporter
MRM-1111,brettporter
MRM-1111,brettporter
MRM-1127,brettporter
MRM-1127,brettporter
MRM-1127,brettporter
MRM-1127,brettporter
MRM-1159,brettporter
MRM-1159,brettporter
MRM-1159,brettporter
MRM-1159,brettporter
MRM-1190,brettporter
MRM-1190,brettporter
MRM-1148,brettporter
MRM-1130,brettporter
MRM-1130,brettporter
MRM-1113,brettporter
MRM-1113,brettporter
MRM-1185,brettporter
MRM-1119,brettporter
MRM-1164,brettporter
MRM-1153,brettporter
MRM-1143,brettporter
MRM-1143,brettporter
MRM-1143,brettporter
MRM-1106,brettporter
MRM-1106,brettporter
MRM-1103,brettporter
MRM-1103,brettporter
MRM-1133,brettporter
MRM-1176,brettporter
MRM-1176,brettporter
MRM-1137,brettporter
MRM-1137,brettporter
MRM-1137,brettporter
MRM-1137,brettporter
MRM-1137,brettporter
MRM-1125,brettporter
MRM-1177,brettporter
MRM-1181,brettporter
MRM-1173,brettporter
MRM-1156,brettporter
MRM-1156,brettporter
MRM-1193,brettporter
MRM-1193,brettporter
MRM-1193,brettporter
MRM-1174,brettporter
MRM-1174,brettporter
MRM-1123,brettporter
MRM-1123,brettporter
MRM-1146,brettporter
MRM-1169,brettporter
MRM-1169,brettporter
MRM-661,brettporter
MRM-661,brettporter
MRM-661,brettporter
MRM-634,brettporter
MRM-634,brettporter
MRM-684,brettporter
MRM-684,brettporter
MRM-678,brettporter
MRM-675,brettporter
MRM-675,brettporter
MRM-657,brettporter
MRM-659,brettporter
MRM-659,brettporter
MRM-659,brettporter
MRM-699,brettporter
MRM-631,brettporter
MRM-631,brettporter
MRM-631,brettporter
MRM-631,brettporter
MRM-631,brettporter
MRM-686,brettporter
MRM-608,brettporter
MRM-637,brettporter
MRM-688,brettporter
MRM-688,brettporter
MRM-688,brettporter
MRM-688,brettporter
MRM-688,brettporter
MRM-688,brettporter
MRM-688,brettporter
MRM-691,brettporter
MRM-691,brettporter
MRM-691,brettporter
MRM-655,brettporter
MRM-665,brettporter
MRM-665,brettporter
MRM-677,brettporter
MRM-644,brettporter
MRM-644,brettporter
MRM-624,brettporter
MRM-681,brettporter
MRM-605,brettporter
MRM-605,brettporter
MRM-605,brettporter
MRM-663,brettporter
MRM-640,brettporter
MRM-617,brettporter
MRM-683,brettporter
MRM-645,brettporter
MRM-673,brettporter
MRM-673,brettporter
MRM-673,brettporter
MRM-680,brettporter
MRM-698,brettporter
MRM-698,brettporter
MRM-694,brettporter
MRM-694,brettporter
MRM-694,brettporter
MRM-694,brettporter
MRM-694,brettporter
MRM-627,brettporter
MRM-627,brettporter
MRM-682,brettporter
MRM-668,brettporter
MRM-668,brettporter
MRM-668,brettporter
MRM-667,brettporter
MRM-641,brettporter
MRM-611,brettporter
MRM-611,brettporter
MRM-695,brettporter
MRM-623,brettporter
MRM-671,brettporter
MRM-626,brettporter
MRM-612,brettporter
MRM-612,brettporter
MRM-1063,brettporter
MRM-1013,brettporter
MRM-1054,brettporter
MRM-1062,brettporter
MRM-1023,brettporter
MRM-1023,brettporter
MRM-1074,brettporter
MRM-1025,brettporter
MRM-1025,brettporter
MRM-1025,brettporter
MRM-1025,brettporter
MRM-1025,brettporter
MRM-1025,brettporter
MRM-1070,brettporter
MRM-1067,brettporter
MRM-1073,brettporter
MRM-1073,brettporter
MRM-1030,brettporter
MRM-1047,brettporter
MRM-1047,brettporter
MRM-1047,brettporter
MRM-1064,brettporter
MRM-1090,brettporter
MRM-1090,brettporter
MRM-1090,brettporter
MRM-1090,brettporter
MRM-1097,brettporter
MRM-1097,brettporter
MRM-1097,brettporter
MRM-1097,brettporter
MRM-1097,brettporter
MRM-1097,brettporter
MRM-1097,brettporter
MRM-1097,brettporter
MRM-1097,brettporter
MRM-1072,brettporter
MRM-1072,brettporter
MRM-1002,brettporter
MRM-1066,brettporter
MRM-1060,brettporter
MRM-1093,brettporter
MRM-1035,brettporter
MRM-1035,brettporter
MRM-1021,brettporter
MRM-1061,brettporter
MRM-1061,brettporter
MRM-1098,brettporter
MRM-1058,brettporter
MRM-1058,brettporter
MRM-1058,brettporter
MRM-1058,brettporter
MRM-1058,brettporter
MRM-1058,brettporter
MRM-1058,brettporter
MRM-1058,brettporter
MRM-1058,brettporter
MRM-1009,brettporter
MRM-1007,brettporter
MRM-1051,brettporter
MRM-1019,brettporter
MRM-1017,brettporter
MRM-1001,brettporter
MRM-1001,brettporter
MRM-1001,brettporter
MRM-1001,brettporter
MRM-1053,brettporter
MRM-1014,brettporter
MRM-1077,brettporter
MRM-1077,brettporter
MRM-1006,brettporter
MRM-1006,brettporter
MRM-1088,brettporter
MRM-1088,brettporter
MRM-1003,brettporter
MRM-1086,brettporter
MRM-1086,brettporter
MRM-1016,brettporter
MRM-1085,brettporter
MRM-1050,brettporter
MRM-1033,brettporter
MRM-1069,brettporter
MRM-1012,brettporter
MRM-1005,brettporter
MRM-1005,brettporter
MRM-860,brettporter
MRM-848,brettporter
MRM-800,brettporter
MRM-893,brettporter
MRM-893,brettporter
MRM-893,brettporter
MRM-893,brettporter
MRM-866,brettporter
MRM-898,brettporter
MRM-838,brettporter
MRM-881,brettporter
MRM-804,brettporter
MRM-850,brettporter
MRM-850,brettporter
MRM-850,brettporter
MRM-811,brettporter
MRM-811,brettporter
MRM-897,brettporter
MRM-808,brettporter
MRM-899,brettporter
MRM-830,brettporter
MRM-836,brettporter
MRM-813,brettporter
MRM-813,brettporter
MRM-834,brettporter
MRM-834,brettporter
MRM-834,brettporter
MRM-889,brettporter
MRM-889,brettporter
MRM-843,brettporter
MRM-843,brettporter
MRM-895,brettporter
MRM-827,brettporter
MRM-827,brettporter
MRM-815,brettporter
MRM-815,brettporter
MRM-809,brettporter
MRM-809,brettporter
MRM-837,brettporter
MRM-837,brettporter
MRM-837,brettporter
MRM-837,brettporter
MRM-837,brettporter
MRM-878,brettporter
MRM-878,brettporter
MRM-875,brettporter
MRM-875,brettporter
MRM-853,brettporter
MRM-891,brettporter
MRM-891,brettporter
MRM-891,brettporter
MRM-880,brettporter
MRM-833,brettporter
MRM-833,brettporter
MRM-879,brettporter
MRM-894,brettporter
MRM-816,brettporter
MRM-816,brettporter
MRM-816,brettporter
MRM-812,brettporter
MRM-1857,brettporter
MRM-1818,brettporter
MRM-1854,brettporter
MRM-1849,brettporter
MRM-1848,brettporter
MRM-1825,brettporter
MRM-61,brettporter
MRM-76,brettporter
MRM-76,brettporter
MRM-2,brettporter
MRM-92,brettporter
MRM-92,brettporter
MRM-92,brettporter
MRM-21,brettporter
MRM-36,brettporter
MRM-67,brettporter
MRM-87,brettporter
MRM-87,brettporter
MRM-81,brettporter
MRM-46,brettporter
MRM-37,brettporter
MRM-10,brettporter
MRM-38,brettporter
MRM-38,brettporter
MRM-90,brettporter
MRM-59,brettporter
MRM-28,brettporter
MRM-28,brettporter
MRM-78,brettporter
MRM-86,brettporter
MRM-86,brettporter
MRM-73,brettporter
MRM-73,brettporter
MRM-77,brettporter
MRM-77,brettporter
MRM-77,brettporter
MRM-53,brettporter
MRM-53,brettporter
MRM-66,brettporter
MRM-66,brettporter
MRM-9,brettporter
MRM-16,brettporter
MRM-15,brettporter
MRM-83,brettporter
MRM-41,brettporter
MRM-41,brettporter
MRM-40,brettporter
MRM-40,brettporter
MRM-40,brettporter
MRM-40,brettporter
MRM-79,brettporter
MRM-79,brettporter
MRM-79,brettporter
MRM-74,brettporter
MRM-74,brettporter
MRM-75,brettporter
MRM-75,brettporter
MRM-75,brettporter
MRM-6,brettporter
MRM-84,brettporter
MRM-84,brettporter
MRM-23,brettporter
MRM-88,brettporter
MRM-4,brettporter
MRM-951,brettporter
MRM-951,brettporter
MRM-951,brettporter
MRM-951,brettporter
MRM-951,brettporter
MRM-951,brettporter
MRM-964,brettporter
MRM-945,brettporter
MRM-945,brettporter
MRM-956,brettporter
MRM-956,brettporter
MRM-956,brettporter
MRM-956,brettporter
MRM-957,brettporter
MRM-957,brettporter
MRM-941,brettporter
MRM-941,brettporter
MRM-909,brettporter
MRM-938,brettporter
MRM-938,brettporter
MRM-908,brettporter
MRM-908,brettporter
MRM-914,brettporter
MRM-917,brettporter
MRM-917,brettporter
MRM-916,brettporter
MRM-916,brettporter
MRM-971,brettporter
MRM-958,brettporter
MRM-958,brettporter
MRM-999,brettporter
MRM-999,brettporter
MRM-999,brettporter
MRM-933,brettporter
MRM-960,brettporter
MRM-986,brettporter
MRM-942,brettporter
MRM-942,brettporter
MRM-921,brettporter
MRM-976,brettporter
MRM-976,brettporter
MRM-935,brettporter
MRM-930,brettporter
MRM-980,brettporter
MRM-980,brettporter
MRM-979,brettporter
MRM-974,brettporter
MRM-940,brettporter
MRM-954,brettporter
MRM-997,brettporter
MRM-970,brettporter
MRM-973,brettporter
MRM-973,brettporter
MRM-962,brettporter
MRM-937,brettporter
MRM-937,brettporter
MRM-953,brettporter
MRM-953,brettporter
MRM-950,brettporter
MRM-982,brettporter
MRM-995,brettporter
MRM-963,brettporter
MRM-900,brettporter
MRM-900,brettporter
MRM-900,brettporter
MRM-900,brettporter
MRM-572,brettporter
MRM-585,brettporter
MRM-585,brettporter
MRM-585,brettporter
MRM-518,brettporter
MRM-519,brettporter
MRM-536,brettporter
MRM-536,brettporter
MRM-599,brettporter
MRM-599,brettporter
MRM-560,brettporter
MRM-541,brettporter
MRM-571,brettporter
MRM-593,brettporter
MRM-593,brettporter
MRM-570,brettporter
MRM-594,brettporter
MRM-573,brettporter
MRM-573,brettporter
MRM-548,brettporter
MRM-548,brettporter
MRM-549,brettporter
MRM-542,brettporter
MRM-598,brettporter
MRM-598,brettporter
MRM-598,brettporter
MRM-576,brettporter
MRM-555,brettporter
MRM-512,brettporter
MRM-502,brettporter
MRM-546,brettporter
MRM-546,brettporter
MRM-546,brettporter
MRM-546,brettporter
MRM-546,brettporter
MRM-546,brettporter
MRM-588,brettporter
MRM-589,brettporter
MRM-589,brettporter
MRM-589,brettporter
MRM-589,brettporter
MRM-589,brettporter
MRM-589,brettporter
MRM-589,brettporter
MRM-589,brettporter
MRM-578,brettporter
MRM-578,brettporter
MRM-578,brettporter
MRM-552,brettporter
MRM-581,brettporter
MRM-533,brettporter
MRM-515,brettporter
MRM-514,brettporter
MRM-592,brettporter
MRM-523,brettporter
MRM-523,brettporter
MRM-523,brettporter
MRM-523,brettporter
MRM-545,brettporter
MRM-545,brettporter
MRM-528,brettporter
MRM-528,brettporter
MRM-535,brettporter
MRM-538,brettporter
MRM-539,brettporter
MRM-539,brettporter
MRM-511,brettporter
MRM-565,brettporter
MRM-213,brettporter
MRM-204,brettporter
MRM-277,brettporter
MRM-285,brettporter
MRM-294,brettporter
MRM-294,brettporter
MRM-294,brettporter
MRM-251,brettporter
MRM-207,brettporter
MRM-210,brettporter
MRM-278,brettporter
MRM-243,brettporter
MRM-243,brettporter
MRM-243,brettporter
MRM-243,brettporter
MRM-243,brettporter
MRM-208,brettporter
MRM-258,brettporter
MRM-234,brettporter
MRM-252,brettporter
MRM-252,brettporter
MRM-252,brettporter
MRM-252,brettporter
MRM-252,brettporter
MRM-211,brettporter
MRM-211,brettporter
MRM-211,brettporter
MRM-203,brettporter
MRM-275,brettporter
MRM-216,brettporter
MRM-290,brettporter
MRM-242,brettporter
MRM-242,brettporter
MRM-242,brettporter
MRM-239,brettporter
MRM-239,brettporter
MRM-239,brettporter
MRM-288,brettporter
MRM-283,brettporter
MRM-218,brettporter
MRM-700,brettporter
MRM-717,brettporter
MRM-792,brettporter
MRM-735,brettporter
MRM-738,brettporter
MRM-738,brettporter
MRM-738,brettporter
MRM-789,brettporter
MRM-789,brettporter
MRM-741,brettporter
MRM-786,brettporter
MRM-786,brettporter
MRM-763,brettporter
MRM-733,brettporter
MRM-744,brettporter
MRM-728,brettporter
MRM-728,brettporter
MRM-728,brettporter
MRM-725,brettporter
MRM-779,brettporter
MRM-755,brettporter
MRM-795,brettporter
MRM-714,brettporter
MRM-775,brettporter
MRM-766,brettporter
MRM-734,brettporter
MRM-719,brettporter
MRM-719,brettporter
MRM-719,brettporter
MRM-713,brettporter
MRM-791,brettporter
MRM-701,brettporter
MRM-724,brettporter
MRM-724,brettporter
MRM-770,brettporter
MRM-770,brettporter
MRM-770,brettporter
MRM-747,brettporter
MRM-772,brettporter
MRM-769,brettporter
MRM-769,brettporter
MRM-769,brettporter
MRM-769,brettporter
MRM-773,brettporter
MRM-773,brettporter
MRM-773,brettporter
MRM-773,brettporter
MRM-707,brettporter
MRM-706,brettporter
MRM-739,brettporter
MRM-715,brettporter
MRM-715,brettporter
MRM-798,brettporter
MRM-798,brettporter
MRM-798,brettporter
MRM-798,brettporter
MRM-750,brettporter
MRM-705,brettporter
MRM-721,brettporter
MRM-720,brettporter
MRM-788,brettporter
MRM-759,brettporter
MRM-703,brettporter
MRM-794,brettporter
MRM-768,brettporter
MRM-753,brettporter
MRM-781,brettporter
MRM-781,brettporter
MRM-781,brettporter
MRM-781,brettporter
MRM-781,brettporter
MRM-781,brettporter
MRM-761,brettporter
MRM-761,brettporter
MRM-761,brettporter
MRM-776,brettporter
MRM-776,brettporter
MRM-776,brettporter
MRM-771,brettporter
MRM-771,brettporter
MRM-762,brettporter
MRM-737,brettporter
MRM-1325,brettporter
MRM-1325,brettporter
MRM-1328,brettporter
MRM-1366,brettporter
MRM-1329,brettporter
MRM-1329,brettporter
MRM-1329,brettporter
MRM-1332,brettporter
MRM-1361,brettporter
MRM-1361,brettporter
MRM-1361,brettporter
MRM-1333,brettporter
MRM-1333,brettporter
MRM-1335,brettporter
MRM-1335,brettporter
MRM-1335,brettporter
MRM-1379,brettporter
MRM-1344,brettporter
MRM-1370,brettporter
MRM-1318,brettporter
MRM-1340,brettporter
MRM-1387,brettporter
MRM-1387,brettporter
MRM-1396,brettporter
MRM-1396,brettporter
MRM-1300,brettporter
MRM-1350,brettporter
MRM-1350,brettporter
MRM-1360,brettporter
MRM-1360,brettporter
MRM-1360,brettporter
MRM-1345,brettporter
MRM-1331,brettporter
MRM-1311,brettporter
MRM-1311,brettporter
MRM-1364,brettporter
MRM-1364,brettporter
MRM-1367,brettporter
MRM-1302,brettporter
MRM-1343,brettporter
MRM-1362,brettporter
MRM-1352,brettporter
MRM-1352,brettporter
MRM-1352,brettporter
MRM-1352,brettporter
MRM-1352,brettporter
MRM-1352,brettporter
MRM-1352,brettporter
MRM-1352,brettporter
MRM-1353,brettporter
MRM-1342,brettporter
MRM-1342,brettporter
MRM-1315,brettporter
MRM-1351,brettporter
MRM-1304,brettporter
MRM-1304,brettporter
MRM-1304,brettporter
MRM-1304,brettporter
MRM-1324,brettporter
MRM-1324,brettporter
MRM-1383,brettporter
MRM-1322,brettporter
MRM-1322,brettporter
MRM-1369,brettporter
MRM-1357,brettporter
MRM-1357,brettporter
MRM-1359,brettporter
MRM-1359,brettporter
MRM-1359,brettporter
MRM-1359,brettporter
MRM-1359,brettporter
MRM-1382,brettporter
MRM-1347,brettporter
MRM-1347,brettporter
MRM-1347,brettporter
MRM-1371,brettporter
MRM-1323,brettporter
MRM-1323,brettporter
MRM-1323,brettporter
MRM-1323,brettporter
MRM-1323,brettporter
MRM-1323,brettporter
MRM-1346,brettporter
MRM-1393,brettporter
MRM-1393,brettporter
MRM-1354,brettporter
MRM-1316,brettporter
MRM-1326,brettporter
MRM-1358,brettporter
MRM-1380,brettporter
MRM-1365,brettporter
MRM-1381,brettporter
MRM-1301,brettporter
MRM-1363,brettporter
MRM-1363,brettporter
MRM-1363,brettporter
MRM-1327,brettporter
MRM-1327,brettporter
MRM-1327,brettporter
MRM-1349,brettporter
MRM-1349,brettporter
MRM-1356,brettporter
MRM-1356,brettporter
MRM-1356,brettporter
MRM-1859,brettw
MRM-1161,brianf@infinity.nu
MRM-1001,brill
MRM-1014,brill
MRM-225,brill
MRM-789,brill
MRM-789,brill
MRM-789,brill
MRM-789,brill
MRM-789,brill
MRM-788,brill
MRM-788,brill
MRM-788,brill
MRM-1373,brill
MRM-1097,britsp
MRM-899,britsp
MRM-1200,broen
MRM-1863,brownsea
MRM-1863,brownsea
MRM-1053,bvj
MRM-1053,bvj
MRM-1006,bvj
MRM-1005,bvj
MRM-1005,bvj
MRM-902,bvj
MRM-1150,canders
MRM-915,canders
MRM-915,canders
MRM-915,canders
MRM-427,carlos
MRM-1101,carlos
MRM-1058,carlos
MRM-1058,carlos
MRM-1807,carlos
MRM-1807,carlos
MRM-1869,carlos
MRM-1848,carlos
MRM-1848,carlos
MRM-1870,carlos
MRM-28,carlos
MRM-65,carlos
MRM-20,carlos
MRM-12,carlos
MRM-12,carlos
MRM-261,carlos
MRM-261,carlos
MRM-227,carlos
MRM-227,carlos
MRM-221,carlos
MRM-234,carlos
MRM-234,carlos
MRM-234,carlos
MRM-238,carlos
MRM-242,carlos
MRM-242,carlos
MRM-263,carlos
MRM-1303,carlos
MRM-1390,carlos
MRM-1390,carlos
MRM-778,carloscs
MRM-778,carloscs
MRM-778,carloscs
MRM-541,cbrown
MRM-644,chamerling
MRM-1652,charlesk40
MRM-1652,charlesk40
MRM-1652,charlesk40
MRM-1692,charlesk40
MRM-1645,charlesk40
MRM-1702,charlesk40
MRM-1911,chongma
MRM-1911,chongma
MRM-1911,chongma
MRM-1911,chongma
MRM-1911,chongma
MRM-1911,chongma
MRM-1911,chongma
MRM-1911,chongma
MRM-1908,chriss745
MRM-1908,chriss745
MRM-1861,chsandhaus
MRM-1633,cipi
MRM-1827,cipi
MRM-1759,cipi
MRM-1417,cpinedajr
MRM-1127,cstamas
MRM-1451,ctan
MRM-1478,ctan
MRM-1478,ctan
MRM-1481,ctan
MRM-1470,ctan
MRM-1461,ctan
MRM-1461,ctan
MRM-1461,ctan
MRM-1461,ctan
MRM-1452,ctan
MRM-1230,ctan
MRM-1229,ctan
MRM-1229,ctan
MRM-1111,ctan
MRM-1111,ctan
MRM-1111,ctan
MRM-1185,ctan
MRM-694,ctan
MRM-1068,ctan
MRM-1097,ctan
MRM-1033,ctan
MRM-1033,ctan
MRM-845,ctan
MRM-1340,ctan
MRM-1340,ctan
MRM-1340,ctan
MRM-1317,ctan
MRM-1312,ctan
MRM-243,cthiebaud2
MRM-999,cybik
MRM-1482,daivish
MRM-1482,daivish
MRM-1482,daivish
MRM-1482,daivish
MRM-1482,daivish
MRM-1482,daivish
MRM-1427,damjan
MRM-895,dandare100
MRM-895,dandare100
MRM-895,dandare100
MRM-814,dandare100
MRM-814,dandare100
MRM-894,dandare100
MRM-765,dandare100
MRM-765,dandare100
MRM-374,dangelito
MRM-355,dangelito
MRM-356,dangelito
MRM-375,dangelito
MRM-377,dangelito
MRM-267,dangelito
MRM-266,dangelito
MRM-1160,daniel.takai
MRM-1160,daniel.takai
MRM-1151,daniel.takai
MRM-1076,daniel.takai
MRM-228,daniel@mohni.net
MRM-228,daniel@mohni.net
MRM-645,danielharvey
MRM-645,danielharvey
MRM-645,danielharvey
MRM-645,danielharvey
MRM-645,danielharvey
MRM-645,danielharvey
MRM-645,danielharvey
MRM-645,danielharvey
MRM-545,danielharvey
MRM-1144,dantran
MRM-1144,dantran
MRM-1137,dantran
MRM-1137,dantran
MRM-1137,dantran
MRM-1024,dantran
MRM-1072,dantran
MRM-1072,dantran
MRM-1072,dantran
MRM-1001,dantran
MRM-893,dantran
MRM-893,dantran
MRM-893,dantran
MRM-893,dantran
MRM-893,dantran
MRM-893,dantran
MRM-893,dantran
MRM-893,dantran
MRM-893,dantran
MRM-891,dantran
MRM-891,dantran
MRM-891,dantran
MRM-891,dantran
MRM-542,dantran
MRM-213,dantran
MRM-1204,davecheney
MRM-1429,dbrosius
MRM-1429,dbrosius
MRM-1429,dbrosius
MRM-1437,dbrosius
MRM-821,dbrosius
MRM-842,decherfb
MRM-753,decherfb
MRM-753,decherfb
MRM-753,decherfb
MRM-1826,deckrider
MRM-402,deki
MRM-1157,deki
MRM-680,deki
MRM-680,deki
MRM-607,deki
MRM-607,deki
MRM-607,deki
MRM-880,deki
MRM-909,deki
MRM-979,deki
MRM-922,demobox
MRM-1161,dennisl@apache.org
MRM-1161,dennisl@apache.org
MRM-1161,dennisl@apache.org
MRM-619,dennisl@apache.org
MRM-1361,dennisl@apache.org
MRM-1361,dennisl@apache.org
MRM-1361,dennisl@apache.org
MRM-1387,dennisl@apache.org
MRM-1389,dennisl@apache.org
MRM-541,detyo
MRM-624,dfabulich
MRM-673,dfabulich
MRM-674,dfabulich
MRM-846,dgreenbean
MRM-154,digulla
MRM-244,digulla
MRM-1066,dimand
MRM-1066,dimand
MRM-1066,dimand
MRM-1066,dimand
MRM-1396,djeanprost
MRM-1396,djeanprost
MRM-1477,dmatej
MRM-685,drazzib
MRM-1012,drewpuppy
MRM-1012,drewpuppy
MRM-1012,drewpuppy
MRM-1012,drewpuppy
MRM-1012,drewpuppy
MRM-944,drewpuppy
MRM-243,drewpuppy
MRM-243,drewpuppy
MRM-243,drewpuppy
MRM-704,drewpuppy
MRM-769,drewpuppy
MRM-769,drewpuppy
MRM-769,drewpuppy
MRM-769,drewpuppy
MRM-769,drewpuppy
MRM-769,drewpuppy
MRM-1428,dschettl
MRM-1096,dschettl
MRM-969,dschettl
MRM-786,dschettl
MRM-786,dschettl
MRM-724,dschettl
MRM-1321,dtriphaus
MRM-1321,dtriphaus
MRM-1321,dtriphaus
MRM-1932,durgapasupuleti
MRM-243,dvaleri
MRM-860,dvinge
MRM-1413,edelorme
MRM-1097,edelorme
MRM-435,effrafax
MRM-1593,effrafax
MRM-1532,effrafax
MRM-830,effrafax
MRM-1838,effrafax
MRM-1861,effrafax
MRM-1827,effrafax
MRM-1827,effrafax
MRM-1827,effrafax
MRM-1859,effrafax
MRM-1945,effrafax
MRM-1958,effrafax
MRM-1958,effrafax
MRM-1958,effrafax
MRM-1958,effrafax
MRM-1932,effrafax
MRM-1946,effrafax
MRM-1946,effrafax
MRM-1946,effrafax
MRM-1917,effrafax
MRM-1940,effrafax
MRM-1954,effrafax
MRM-1937,effrafax
MRM-1937,effrafax
MRM-1959,effrafax
MRM-1953,effrafax
MRM-1964,effrafax
MRM-1964,effrafax
MRM-1963,effrafax
MRM-1933,effrafax
MRM-1933,effrafax
MRM-1933,effrafax
MRM-1933,effrafax
MRM-1950,effrafax
MRM-1938,effrafax
MRM-1926,effrafax
MRM-1926,effrafax
MRM-1947,effrafax
MRM-1947,effrafax
MRM-1927,effrafax
MRM-1962,effrafax
MRM-1951,effrafax
MRM-1951,effrafax
MRM-1951,effrafax
MRM-1951,effrafax
MRM-1944,effrafax
MRM-1936,effrafax
MRM-1936,effrafax
MRM-1907,effrafax
MRM-1331,effrafax
MRM-930,ejciramella
MRM-1907,ellbur@gmail.com
MRM-100,elpunzalan
MRM-139,elpunzalan
MRM-139,elpunzalan
MRM-36,elpunzalan
MRM-56,elpunzalan
MRM-81,elpunzalan
MRM-49,elpunzalan
MRM-91,elpunzalan
MRM-96,elpunzalan
MRM-38,elpunzalan
MRM-38,elpunzalan
MRM-38,elpunzalan
MRM-99,elpunzalan
MRM-55,elpunzalan
MRM-94,elpunzalan
MRM-98,elpunzalan
MRM-35,elpunzalan
MRM-34,elpunzalan
MRM-34,elpunzalan
MRM-17,elpunzalan
MRM-53,elpunzalan
MRM-58,elpunzalan
MRM-62,elpunzalan
MRM-16,elpunzalan
MRM-15,elpunzalan
MRM-42,elpunzalan
MRM-42,elpunzalan
MRM-41,elpunzalan
MRM-41,elpunzalan
MRM-47,elpunzalan
MRM-12,elpunzalan
MRM-50,elpunzalan
MRM-31,elpunzalan
MRM-74,elpunzalan
MRM-69,elpunzalan
MRM-14,elpunzalan
MRM-6,elpunzalan
MRM-51,elpunzalan
MRM-232,elpunzalan
MRM-233,elpunzalan
MRM-231,elpunzalan
MRM-247,elpunzalan
MRM-217,elpunzalan
MRM-1943,emilie_C
MRM-1861,emsouza
MRM-1641,erouan
MRM-1755,erouan
MRM-1752,erouan
MRM-1752,erouan
MRM-1752,erouan
MRM-1752,erouan
MRM-1605,eshan.sudharaka
MRM-1605,eshan.sudharaka
MRM-1630,eshan.sudharaka
MRM-1404,eshan.sudharaka
MRM-1405,eshan.sudharaka
MRM-1400,eshan.sudharaka
MRM-1406,eshan.sudharaka
MRM-1403,eshan.sudharaka
MRM-1401,eshan.sudharaka
MRM-1401,eshan.sudharaka
MRM-1407,eshan.sudharaka
MRM-1407,eshan.sudharaka
MRM-980,eshan.sudharaka
MRM-980,eshan.sudharaka
MRM-980,eshan.sudharaka
MRM-980,eshan.sudharaka
MRM-980,eshan.sudharaka
MRM-980,eshan.sudharaka
MRM-980,eshan.sudharaka
MRM-980,eshan.sudharaka
MRM-980,eshan.sudharaka
MRM-980,eshan.sudharaka
MRM-980,eshan.sudharaka
MRM-980,eshan.sudharaka
MRM-980,eshan.sudharaka
MRM-980,eshan.sudharaka
MRM-980,eshan.sudharaka
MRM-980,eshan.sudharaka
MRM-980,eshan.sudharaka
MRM-980,eshan.sudharaka
MRM-980,eshan.sudharaka
MRM-980,eshan.sudharaka
MRM-980,eshan.sudharaka
MRM-980,eshan.sudharaka
MRM-980,eshan.sudharaka
MRM-980,eshan.sudharaka
MRM-980,eshan.sudharaka
MRM-980,eshan.sudharaka
MRM-980,eshan.sudharaka
MRM-980,eshan.sudharaka
MRM-980,eshan.sudharaka
MRM-980,eshan.sudharaka
MRM-980,eshan.sudharaka
MRM-980,eshan.sudharaka
MRM-980,eshan.sudharaka
MRM-980,eshan.sudharaka
MRM-980,eshan.sudharaka
MRM-980,eshan.sudharaka
MRM-980,eshan.sudharaka
MRM-980,eshan.sudharaka
MRM-980,eshan.sudharaka
MRM-980,eshan.sudharaka
MRM-980,eshan.sudharaka
MRM-980,eshan.sudharaka
MRM-980,eshan.sudharaka
MRM-980,eshan.sudharaka
MRM-980,eshan.sudharaka
MRM-980,eshan.sudharaka
MRM-1398,eshan.sudharaka
MRM-1372,eshan.sudharaka
MRM-1397,eshan.sudharaka
MRM-1889,evan.greensmith
MRM-497,evenisse
MRM-440,evenisse
MRM-440,evenisse
MRM-458,evenisse
MRM-498,evenisse
MRM-499,evenisse
MRM-199,evenisse
MRM-198,evenisse
MRM-130,evenisse
MRM-183,evenisse
MRM-1106,evenisse
MRM-1106,evenisse
MRM-1049,evenisse
MRM-1001,evenisse
MRM-1001,evenisse
MRM-847,evenisse
MRM-832,evenisse
MRM-832,evenisse
MRM-866,evenisse
MRM-834,evenisse
MRM-834,evenisse
MRM-865,evenisse
MRM-38,evenisse
MRM-938,evenisse
MRM-915,evenisse
MRM-545,evenisse
MRM-273,evenisse
MRM-267,evenisse
MRM-292,evenisse
MRM-201,evenisse
MRM-287,evenisse
MRM-253,evenisse
MRM-209,evenisse
MRM-200,evenisse
MRM-288,evenisse
MRM-296,evenisse
MRM-296,evenisse
MRM-266,evenisse
MRM-280,evenisse
MRM-1466,ez2cwhy
MRM-1466,ez2cwhy
MRM-1466,ez2cwhy
MRM-905,fabdouglas
MRM-905,fabdouglas
MRM-905,fabdouglas
MRM-420,fabemn
MRM-420,fabemn
MRM-418,fabemn
MRM-342,fabemn
MRM-370,fabemn
MRM-370,fabemn
MRM-371,fabemn
MRM-371,fabemn
MRM-371,fabemn
MRM-341,fabemn
MRM-399,fabemn
MRM-306,fabemn
MRM-306,fabemn
MRM-375,fabemn
MRM-375,fabemn
MRM-385,fabemn
MRM-352,fabemn
MRM-373,fabemn
MRM-373,fabemn
MRM-373,fabemn
MRM-394,fabemn
MRM-394,fabemn
MRM-334,fabemn
MRM-254,fabemn
MRM-254,fabemn
MRM-1227,fadubois
MRM-1227,fadubois
MRM-1227,fadubois
MRM-1231,fadubois
MRM-25,fgiust
MRM-25,fgiust
MRM-1521,fhoudebert
MRM-1790,fmarot
MRM-406,franz_see
MRM-123,franz_see
MRM-77,franz_see
MRM-1144,fredrikj
MRM-1097,fredrikj
MRM-739,fredrikj
MRM-701,freeky_d
MRM-631,frickeo
MRM-254,frickeo
MRM-1890,funster
MRM-1917,ganthore
MRM-495,gautencio
MRM-1565,gautencio
MRM-1409,gautencio
MRM-1409,gautencio
MRM-1409,gautencio
MRM-1468,gautencio
MRM-1468,gautencio
MRM-1225,gautencio
MRM-1240,gautencio
MRM-1240,gautencio
MRM-1246,gautencio
MRM-1246,gautencio
MRM-1206,gautencio
MRM-1251,gautencio
MRM-1238,gautencio
MRM-1155,gautencio
MRM-1155,gautencio
MRM-1111,gautencio
MRM-1111,gautencio
MRM-1111,gautencio
MRM-1111,gautencio
MRM-1111,gautencio
MRM-1171,gautencio
MRM-1142,gautencio
MRM-1142,gautencio
MRM-1151,gautencio
MRM-1166,gautencio
MRM-1194,gautencio
MRM-1125,gautencio
MRM-1125,gautencio
MRM-1125,gautencio
MRM-1125,gautencio
MRM-1146,gautencio
MRM-1057,gautencio
MRM-1097,gautencio
MRM-1066,gautencio
MRM-1061,gautencio
MRM-1007,gautencio
MRM-1007,gautencio
MRM-1095,gautencio
MRM-1080,gautencio
MRM-817,gautencio
MRM-817,gautencio
MRM-848,gautencio
MRM-848,gautencio
MRM-848,gautencio
MRM-873,gautencio
MRM-90,gautencio
MRM-90,gautencio
MRM-90,gautencio
MRM-933,gautencio
MRM-933,gautencio
MRM-932,gautencio
MRM-962,gautencio
MRM-967,gautencio
MRM-967,gautencio
MRM-580,gautencio
MRM-1373,gautencio
MRM-1373,gautencio
MRM-1345,gautencio
MRM-1345,gautencio
MRM-1345,gautencio
MRM-1323,gautencio
MRM-1323,gautencio
MRM-1323,gautencio
MRM-1456,gayathri
MRM-1421,gayathri
MRM-632,gayathri
MRM-632,gayathri
MRM-1162,ghandim
MRM-1162,ghandim
MRM-1335,gigsz1
MRM-1335,gigsz1
MRM-1335,gigsz1
MRM-1344,gigsz1
MRM-1344,gigsz1
MRM-1344,gigsz1
MRM-1342,gigsz1
MRM-1342,gigsz1
MRM-901,gilles.bernaerts
MRM-1201,githubbot
MRM-1201,githubbot
MRM-1201,githubbot
MRM-1861,githubbot
MRM-1861,githubbot
MRM-1861,githubbot
MRM-1861,githubbot
MRM-1861,githubbot
MRM-1861,githubbot
MRM-1861,githubbot
MRM-1874,githubbot
MRM-1874,githubbot
MRM-1873,githubbot
MRM-1873,githubbot
MRM-1873,githubbot
MRM-1924,githubbot
MRM-1928,githubbot
MRM-1928,githubbot
MRM-1923,githubbot
MRM-1909,githubbot
MRM-1909,githubbot
MRM-1906,githubbot
MRM-1908,githubbot
MRM-1908,githubbot
MRM-1908,githubbot
MRM-1908,githubbot
MRM-1925,githubbot
MRM-1925,githubbot
MRM-123,gjoseph
MRM-1518,gliu
MRM-1518,gliu
MRM-1419,gnustavo
MRM-1419,gnustavo
MRM-711,goncalvesl
MRM-711,goncalvesl
MRM-1944,gquentin
MRM-221,gregrluck
MRM-239,gregrluck
MRM-686,greyfairer
MRM-844,greyfairer
MRM-844,greyfairer
MRM-560,greyfairer
MRM-738,greyfairer
MRM-627,gumnaam23
MRM-627,gumnaam23
MRM-1252,guntasg
MRM-1252,guntasg
MRM-1252,guntasg
MRM-657,gvdbosch
MRM-1958,gzyrek
MRM-1958,gzyrek
MRM-656,hackaton
MRM-489,handyande
MRM-272,handyande
MRM-264,handyande
MRM-685,hell7
MRM-1202,henryju
MRM-1203,henryju
MRM-1161,henryju
MRM-1111,henryju
MRM-1151,henryju
MRM-1106,henryju
MRM-1106,henryju
MRM-1106,henryju
MRM-949,henryju
MRM-319,hisidro
MRM-287,hisidro
MRM-296,hisidro
MRM-1176,hohonuuli
MRM-641,hsm
MRM-641,hsm
MRM-641,hsm
MRM-641,hsm
MRM-641,hsm
MRM-1007,hst
MRM-1772,hubbitus
MRM-1772,hubbitus
MRM-1772,hubbitus
MRM-1772,hubbitus
MRM-1772,hubbitus
MRM-1201,hudson
MRM-1886,hudson
MRM-1861,hudson
MRM-1892,hudson
MRM-1887,hudson
MRM-1895,hudson
MRM-1859,hudson
MRM-1957,hudson
MRM-1945,hudson
MRM-1958,hudson
MRM-1940,hudson
MRM-1954,hudson
MRM-1937,hudson
MRM-1953,hudson
MRM-1953,hudson
MRM-1933,hudson
MRM-1952,hudson
MRM-1952,hudson
MRM-1950,hudson
MRM-1928,hudson
MRM-1941,hudson
MRM-1956,hudson
MRM-1956,hudson
MRM-1915,hudson
MRM-1908,hudson
MRM-226,huybrechts
MRM-226,huybrechts
MRM-1447,i.galic
MRM-1846,iguimiot
MRM-1846,iguimiot
MRM-1846,iguimiot
MRM-1846,iguimiot
MRM-1846,iguimiot
MRM-1779,iguimiot
MRM-598,in-fke
MRM-463,intrix
MRM-657,intrix
MRM-899,intrix
MRM-899,intrix
MRM-761,ivanpopov
MRM-761,ivanpopov
MRM-761,ivanpopov
MRM-761,ivanpopov
MRM-1882,jacomac
MRM-1882,jacomac
MRM-1882,jacomac
MRM-632,jahlborn
MRM-681,jahlborn
MRM-573,jahlborn
MRM-719,jahlborn
MRM-719,jahlborn
MRM-719,jahlborn
MRM-726,jahlborn
MRM-726,jahlborn
MRM-721,jahlborn
MRM-483,jameswdumay
MRM-419,jameswdumay
MRM-445,jameswdumay
MRM-445,jameswdumay
MRM-490,jameswdumay
MRM-435,jameswdumay
MRM-495,jameswdumay
MRM-135,jameswdumay
MRM-135,jameswdumay
MRM-176,jameswdumay
MRM-176,jameswdumay
MRM-176,jameswdumay
MRM-124,jameswdumay
MRM-124,jameswdumay
MRM-124,jameswdumay
MRM-180,jameswdumay
MRM-312,jameswdumay
MRM-397,jameswdumay
MRM-397,jameswdumay
MRM-1154,jameswdumay
MRM-1138,jameswdumay
MRM-1139,jameswdumay
MRM-684,jameswdumay
MRM-684,jameswdumay
MRM-684,jameswdumay
MRM-675,jameswdumay
MRM-601,jameswdumay
MRM-630,jameswdumay
MRM-630,jameswdumay
MRM-630,jameswdumay
MRM-630,jameswdumay
MRM-686,jameswdumay
MRM-693,jameswdumay
MRM-697,jameswdumay
MRM-697,jameswdumay
MRM-697,jameswdumay
MRM-653,jameswdumay
MRM-663,jameswdumay
MRM-683,jameswdumay
MRM-604,jameswdumay
MRM-615,jameswdumay
MRM-609,jameswdumay
MRM-682,jameswdumay
MRM-682,jameswdumay
MRM-682,jameswdumay
MRM-635,jameswdumay
MRM-611,jameswdumay
MRM-629,jameswdumay
MRM-603,jameswdumay
MRM-652,jameswdumay
MRM-612,jameswdumay
MRM-1040,jameswdumay
MRM-1083,jameswdumay
MRM-1073,jameswdumay
MRM-1073,jameswdumay
MRM-1011,jameswdumay
MRM-1084,jameswdumay
MRM-1072,jameswdumay
MRM-1066,jameswdumay
MRM-1066,jameswdumay
MRM-1015,jameswdumay
MRM-1079,jameswdumay
MRM-1037,jameswdumay
MRM-1020,jameswdumay
MRM-1034,jameswdumay
MRM-1095,jameswdumay
MRM-1095,jameswdumay
MRM-1004,jameswdumay
MRM-1000,jameswdumay
MRM-1031,jameswdumay
MRM-1038,jameswdumay
MRM-1082,jameswdumay
MRM-860,jameswdumay
MRM-855,jameswdumay
MRM-800,jameswdumay
MRM-832,jameswdumay
MRM-821,jameswdumay
MRM-835,jameswdumay
MRM-835,jameswdumay
MRM-870,jameswdumay
MRM-870,jameswdumay
MRM-870,jameswdumay
MRM-870,jameswdumay
MRM-882,jameswdumay
MRM-885,jameswdumay
MRM-885,jameswdumay
MRM-829,jameswdumay
MRM-859,jameswdumay
MRM-830,jameswdumay
MRM-830,jameswdumay
MRM-836,jameswdumay
MRM-826,jameswdumay
MRM-895,jameswdumay
MRM-895,jameswdumay
MRM-856,jameswdumay
MRM-840,jameswdumay
MRM-853,jameswdumay
MRM-833,jameswdumay
MRM-867,jameswdumay
MRM-858,jameswdumay
MRM-816,jameswdumay
MRM-84,jameswdumay
MRM-907,jameswdumay
MRM-907,jameswdumay
MRM-907,jameswdumay
MRM-988,jameswdumay
MRM-996,jameswdumay
MRM-925,jameswdumay
MRM-925,jameswdumay
MRM-913,jameswdumay
MRM-977,jameswdumay
MRM-978,jameswdumay
MRM-975,jameswdumay
MRM-975,jameswdumay
MRM-995,jameswdumay
MRM-995,jameswdumay
MRM-995,jameswdumay
MRM-902,jameswdumay
MRM-906,jameswdumay
MRM-541,jameswdumay
MRM-541,jameswdumay
MRM-541,jameswdumay
MRM-541,jameswdumay
MRM-541,jameswdumay
MRM-541,jameswdumay
MRM-541,jameswdumay
MRM-541,jameswdumay
MRM-524,jameswdumay
MRM-568,jameswdumay
MRM-513,jameswdumay
MRM-513,jameswdumay
MRM-512,jameswdumay
MRM-588,jameswdumay
MRM-589,jameswdumay
MRM-550,jameswdumay
MRM-514,jameswdumay
MRM-523,jameswdumay
MRM-523,jameswdumay
MRM-579,jameswdumay
MRM-579,jameswdumay
MRM-597,jameswdumay
MRM-590,jameswdumay
MRM-590,jameswdumay
MRM-206,jameswdumay
MRM-206,jameswdumay
MRM-234,jameswdumay
MRM-234,jameswdumay
MRM-234,jameswdumay
MRM-717,jameswdumay
MRM-717,jameswdumay
MRM-792,jameswdumay
MRM-799,jameswdumay
MRM-799,jameswdumay
MRM-765,jameswdumay
MRM-732,jameswdumay
MRM-793,jameswdumay
MRM-727,jameswdumay
MRM-733,jameswdumay
MRM-752,jameswdumay
MRM-752,jameswdumay
MRM-710,jameswdumay
MRM-747,jameswdumay
MRM-772,jameswdumay
MRM-772,jameswdumay
MRM-769,jameswdumay
MRM-769,jameswdumay
MRM-709,jameswdumay
MRM-715,jameswdumay
MRM-797,jameswdumay
MRM-797,jameswdumay
MRM-784,jameswdumay
MRM-784,jameswdumay
MRM-720,jameswdumay
MRM-720,jameswdumay
MRM-720,jameswdumay
MRM-788,jameswdumay
MRM-788,jameswdumay
MRM-759,jameswdumay
MRM-759,jameswdumay
MRM-783,jameswdumay
MRM-712,jameswdumay
MRM-794,jameswdumay
MRM-753,jameswdumay
MRM-753,jameswdumay
MRM-781,jameswdumay
MRM-781,jameswdumay
MRM-781,jameswdumay
MRM-781,jameswdumay
MRM-781,jameswdumay
MRM-781,jameswdumay
MRM-781,jameswdumay
MRM-781,jameswdumay
MRM-781,jameswdumay
MRM-781,jameswdumay
MRM-781,jameswdumay
MRM-782,jameswdumay
MRM-776,jameswdumay
MRM-737,jameswdumay
MRM-327,jancajas
MRM-326,jancajas
MRM-1172,jancajas
MRM-1172,jancajas
MRM-1172,jancajas
MRM-1172,jancajas
MRM-731,jancajas
MRM-1284,jarrodroberson
MRM-631,jaxzin
MRM-631,jaxzin
MRM-631,jaxzin
MRM-631,jaxzin
MRM-686,jaxzin
MRM-686,jaxzin
MRM-686,jaxzin
MRM-909,jaxzin
MRM-909,jaxzin
MRM-717,jaxzin
MRM-717,jaxzin
MRM-1901,jazz
MRM-1215,jbaldassari
MRM-1076,jbaldassari
MRM-1604,jbonofre
MRM-1608,jbonofre
MRM-1618,jbonofre
MRM-1595,jbonofre
MRM-1594,jbonofre
MRM-1597,jbonofre
MRM-1596,jbonofre
MRM-1559,jbonofre
MRM-1562,jbonofre
MRM-1562,jbonofre
MRM-1562,jbonofre
MRM-1562,jbonofre
MRM-1562,jbonofre
MRM-1562,jbonofre
MRM-1562,jbonofre
MRM-1562,jbonofre
MRM-1562,jbonofre
MRM-1427,jbonofre
MRM-815,jbousque
MRM-1428,jbzdak
MRM-1428,jbzdak
MRM-1428,jbzdak
MRM-691,jchaffee
MRM-691,jchaffee
MRM-772,jchaffee
MRM-772,jchaffee
MRM-1921,jchesshir
MRM-749,jcrouvi@yahoo.com
MRM-5,jdcasey
MRM-3,jdcasey
MRM-7,jdcasey
MRM-7,jdcasey
MRM-1,jdcasey
MRM-4,jdcasey
MRM-4,jdcasey
MRM-419,jdidion
MRM-425,jdidion
MRM-206,jdidion
MRM-1602,jdm@powercosts.com
MRM-370,jens.muehlenhoff
MRM-370,jens.muehlenhoff
MRM-1535,jieryn
MRM-1516,jieryn
MRM-1516,jieryn
MRM-1412,jieryn
MRM-1412,jieryn
MRM-1412,jieryn
MRM-1412,jieryn
MRM-1412,jieryn
MRM-1760,jieryn
MRM-1760,jieryn
MRM-427,jirareport
MRM-186,jirareport
MRM-186,jirareport
MRM-186,jirareport
MRM-186,jirareport
MRM-199,jirareport
MRM-196,jirareport
MRM-196,jirareport
MRM-189,jirareport
MRM-198,jirareport
MRM-141,jirareport
MRM-130,jirareport
MRM-11,jirareport
MRM-86,jirareport
MRM-84,jirareport
MRM-204,jirareport
MRM-204,jirareport
MRM-204,jirareport
MRM-204,jirareport
MRM-204,jirareport
MRM-207,jirareport
MRM-207,jirareport
MRM-208,jirareport
MRM-221,jirareport
MRM-228,jirareport
MRM-214,jirareport
MRM-237,jirareport
MRM-226,jirareport
MRM-225,jirareport
MRM-212,jirareport
MRM-223,jirareport
MRM-222,jirareport
MRM-241,jirareport
MRM-1412,jkwuc89
MRM-620,jmacdonald801
MRM-170,jmcconnell
MRM-170,jmcconnell
MRM-170,jmcconnell
MRM-137,jmcconnell
MRM-194,jmcconnell
MRM-194,jmcconnell
MRM-194,jmcconnell
MRM-172,jmcconnell
MRM-364,jmcconnell
MRM-351,jmcconnell
MRM-351,jmcconnell
MRM-360,jmcconnell
MRM-363,jmcconnell
MRM-398,jmcconnell
MRM-350,jmcconnell
MRM-339,jmcconnell
MRM-339,jmcconnell
MRM-349,jmcconnell
MRM-353,jmcconnell
MRM-323,jmcconnell
MRM-324,jmcconnell
MRM-361,jmcconnell
MRM-340,jmcconnell
MRM-242,jmcconnell
MRM-242,jmcconnell
MRM-242,jmcconnell
MRM-245,jmcconnell
MRM-245,jmcconnell
MRM-397,jmluy
MRM-397,jmluy
MRM-874,jmluy
MRM-808,jmluy
MRM-808,jmluy
MRM-836,jmluy
MRM-853,jmluy
MRM-879,jmluy
MRM-912,jmluy
MRM-552,jmluy
MRM-550,jmluy
MRM-796,jmluy
MRM-1849,jnhagelb
MRM-1849,jnhagelb
MRM-1853,jnhagelb
MRM-1848,jnhagelb
MRM-1848,jnhagelb
MRM-1848,jnhagelb
MRM-1848,jnhagelb
MRM-1855,jnhagelb
MRM-935,jnhagelb
MRM-415,joakime
MRM-415,joakime
MRM-415,joakime
MRM-488,joakime
MRM-488,joakime
MRM-402,joakime
MRM-493,joakime
MRM-493,joakime
MRM-493,joakime
MRM-416,joakime
MRM-428,joakime
MRM-403,joakime
MRM-469,joakime
MRM-444,joakime
MRM-417,joakime
MRM-417,joakime
MRM-417,joakime
MRM-417,joakime
MRM-417,joakime
MRM-417,joakime
MRM-462,joakime
MRM-437,joakime
MRM-414,joakime
MRM-440,joakime
MRM-419,joakime
MRM-419,joakime
MRM-463,joakime
MRM-463,joakime
MRM-463,joakime
MRM-463,joakime
MRM-463,joakime
MRM-463,joakime
MRM-463,joakime
MRM-459,joakime
MRM-459,joakime
MRM-459,joakime
MRM-459,joakime
MRM-459,joakime
MRM-459,joakime
MRM-491,joakime
MRM-491,joakime
MRM-427,joakime
MRM-432,joakime
MRM-432,joakime
MRM-432,joakime
MRM-432,joakime
MRM-492,joakime
MRM-465,joakime
MRM-465,joakime
MRM-482,joakime
MRM-481,joakime
MRM-489,joakime
MRM-489,joakime
MRM-489,joakime
MRM-448,joakime
MRM-486,joakime
MRM-410,joakime
MRM-490,joakime
MRM-475,joakime
MRM-478,joakime
MRM-461,joakime
MRM-406,joakime
MRM-406,joakime
MRM-406,joakime
MRM-406,joakime
MRM-474,joakime
MRM-487,joakime
MRM-476,joakime
MRM-476,joakime
MRM-466,joakime
MRM-466,joakime
MRM-470,joakime
MRM-494,joakime
MRM-494,joakime
MRM-494,joakime
MRM-477,joakime
MRM-479,joakime
MRM-1632,joakime
MRM-193,joakime
MRM-135,joakime
MRM-190,joakime
MRM-175,joakime
MRM-142,joakime
MRM-185,joakime
MRM-169,joakime
MRM-146,joakime
MRM-189,joakime
MRM-189,joakime
MRM-137,joakime
MRM-128,joakime
MRM-130,joakime
MRM-130,joakime
MRM-184,joakime
MRM-194,joakime
MRM-147,joakime
MRM-172,joakime
MRM-379,joakime
MRM-358,joakime
MRM-354,joakime
MRM-370,joakime
MRM-348,joakime
MRM-381,joakime
MRM-343,joakime
MRM-332,joakime
MRM-313,joakime
MRM-388,joakime
MRM-336,joakime
MRM-300,joakime
MRM-378,joakime
MRM-378,joakime
MRM-396,joakime
MRM-398,joakime
MRM-398,joakime
MRM-398,joakime
MRM-398,joakime
MRM-344,joakime
MRM-356,joakime
MRM-369,joakime
MRM-369,joakime
MRM-369,joakime
MRM-335,joakime
MRM-309,joakime
MRM-311,joakime
MRM-320,joakime
MRM-320,joakime
MRM-362,joakime
MRM-333,joakime
MRM-333,joakime
MRM-333,joakime
MRM-331,joakime
MRM-380,joakime
MRM-352,joakime
MRM-352,joakime
MRM-352,joakime
MRM-347,joakime
MRM-330,joakime
MRM-327,joakime
MRM-327,joakime
MRM-323,joakime
MRM-323,joakime
MRM-384,joakime
MRM-322,joakime
MRM-357,joakime
MRM-302,joakime
MRM-361,joakime
MRM-346,joakime
MRM-340,joakime
MRM-328,joakime
MRM-328,joakime
MRM-345,joakime
MRM-329,joakime
MRM-329,joakime
MRM-301,joakime
MRM-615,joakime
MRM-87,joakime
MRM-11,joakime
MRM-28,joakime
MRM-85,joakime
MRM-86,joakime
MRM-40,joakime
MRM-525,joakime
MRM-525,joakime
MRM-518,joakime
MRM-518,joakime
MRM-519,joakime
MRM-519,joakime
MRM-519,joakime
MRM-536,joakime
MRM-560,joakime
MRM-560,joakime
MRM-560,joakime
MRM-568,joakime
MRM-501,joakime
MRM-501,joakime
MRM-569,joakime
MRM-569,joakime
MRM-522,joakime
MRM-548,joakime
MRM-548,joakime
MRM-513,joakime
MRM-549,joakime
MRM-549,joakime
MRM-549,joakime
MRM-534,joakime
MRM-508,joakime
MRM-512,joakime
MRM-512,joakime
MRM-567,joakime
MRM-567,joakime
MRM-546,joakime
MRM-562,joakime
MRM-563,joakime
MRM-554,joakime
MRM-564,joakime
MRM-564,joakime
MRM-564,joakime
MRM-557,joakime
MRM-578,joakime
MRM-552,joakime
MRM-552,joakime
MRM-531,joakime
MRM-533,joakime
MRM-547,joakime
MRM-547,joakime
MRM-510,joakime
MRM-577,joakime
MRM-577,joakime
MRM-577,joakime
MRM-577,joakime
MRM-517,joakime
MRM-523,joakime
MRM-523,joakime
MRM-516,joakime
MRM-516,joakime
MRM-516,joakime
MRM-535,joakime
MRM-535,joakime
MRM-582,joakime
MRM-520,joakime
MRM-520,joakime
MRM-500,joakime
MRM-565,joakime
MRM-561,joakime
MRM-529,joakime
MRM-503,joakime
MRM-590,joakime
MRM-543,joakime
MRM-213,joakime
MRM-213,joakime
MRM-213,joakime
MRM-213,joakime
MRM-213,joakime
MRM-204,joakime
MRM-277,joakime
MRM-244,joakime
MRM-244,joakime
MRM-205,joakime
MRM-285,joakime
MRM-270,joakime
MRM-243,joakime
MRM-243,joakime
MRM-243,joakime
MRM-243,joakime
MRM-282,joakime
MRM-265,joakime
MRM-284,joakime
MRM-279,joakime
MRM-227,joakime
MRM-221,joakime
MRM-281,joakime
MRM-234,joakime
MRM-234,joakime
MRM-297,joakime
MRM-240,joakime
MRM-291,joakime
MRM-203,joakime
MRM-238,joakime
MRM-293,joakime
MRM-257,joakime
MRM-299,joakime
MRM-202,joakime
MRM-202,joakime
MRM-225,joakime
MRM-290,joakime
MRM-242,joakime
MRM-256,joakime
MRM-212,joakime
MRM-212,joakime
MRM-223,joakime
MRM-236,joakime
MRM-220,joakime
MRM-239,joakime
MRM-239,joakime
MRM-239,joakime
MRM-239,joakime
MRM-288,joakime
MRM-259,joakime
MRM-222,joakime
MRM-264,joakime
MRM-276,joakime
MRM-218,joakime
MRM-744,joakime
MRM-708,joakime
MRM-731,joakime
MRM-731,joakime
MRM-731,joakime
MRM-730,joakime
MRM-884,jochen.wiedmann@gmail.com
MRM-884,jochen.wiedmann@gmail.com
MRM-675,joe.heck@dig.com
MRM-1428,joehni
MRM-1428,joehni
MRM-1483,joehni
MRM-1450,joehni
MRM-979,joerg.hohwiller@sdm.de
MRM-979,joerg.hohwiller@sdm.de
MRM-1427,john.dunlap
MRM-1807,jotschi
MRM-308,jova
MRM-1907,jrasmussen
MRM-964,jrennell
MRM-964,jrennell
MRM-1486,jsharp
MRM-1486,jsharp
MRM-1280,jsharp
MRM-1170,jsharp
MRM-1170,jsharp
MRM-813,jsharp
MRM-813,jsharp
MRM-1814,jsharp
MRM-1844,jsharp
MRM-1866,jsharp
MRM-1866,jsharp
MRM-1866,jsharp
MRM-1785,jsharp
MRM-1786,jsharp
MRM-1311,jsharp
MRM-305,jtolentino
MRM-76,jtolentino
MRM-2,jtolentino
MRM-2,jtolentino
MRM-2,jtolentino
MRM-2,jtolentino
MRM-81,jtolentino
MRM-81,jtolentino
MRM-70,jtolentino
MRM-49,jtolentino
MRM-38,jtolentino
MRM-38,jtolentino
MRM-38,jtolentino
MRM-38,jtolentino
MRM-78,jtolentino
MRM-83,jtolentino
MRM-41,jtolentino
MRM-41,jtolentino
MRM-41,jtolentino
MRM-41,jtolentino
MRM-41,jtolentino
MRM-41,jtolentino
MRM-41,jtolentino
MRM-74,jtolentino
MRM-75,jtolentino
MRM-75,jtolentino
MRM-51,jtolentino
MRM-644,jtuchscherer
MRM-832,justin@atlassian.com
MRM-122,jvanzyl
MRM-224,jvanzyl
MRM-1414,jvogelzang
MRM-1449,jwinckelmann
MRM-495,jzurbano
MRM-1451,jzurbano
MRM-1470,jzurbano
MRM-1289,jzurbano
MRM-1236,jzurbano
MRM-1240,jzurbano
MRM-1246,jzurbano
MRM-1246,jzurbano
MRM-1253,jzurbano
MRM-1205,jzurbano
MRM-1257,jzurbano
MRM-1204,jzurbano
MRM-1267,jzurbano
MRM-1251,jzurbano
MRM-1238,jzurbano
MRM-1247,jzurbano
MRM-1191,jzurbano
MRM-1189,jzurbano
MRM-1151,jzurbano
MRM-1163,jzurbano
MRM-1125,jzurbano
MRM-1125,jzurbano
MRM-1125,jzurbano
MRM-1125,jzurbano
MRM-1002,jzurbano
MRM-951,jzurbano
MRM-951,jzurbano
MRM-951,jzurbano
MRM-966,jzurbano
MRM-913,jzurbano
MRM-799,jzurbano
MRM-799,jzurbano
MRM-799,jzurbano
MRM-1394,jzurbano
MRM-1345,jzurbano
MRM-1345,jzurbano
MRM-1362,jzurbano
MRM-1362,jzurbano
MRM-1362,jzurbano
MRM-1354,jzurbano
MRM-1354,jzurbano
MRM-1354,jzurbano
MRM-1733,k4j
MRM-1733,k4j
MRM-1733,k4j
MRM-1201,k_razi_ahmad
MRM-1201,k_razi_ahmad
MRM-1105,kannan_srgm
MRM-1940,kcris
MRM-1933,kcris
MRM-1933,kcris
MRM-1933,kcris
MRM-843,keithnaas
MRM-675,kenimanev
MRM-675,kenimanev
MRM-1871,keriol
MRM-1871,keriol
MRM-1871,keriol
MRM-371,kerstin.klein
MRM-371,kerstin.klein
MRM-880,kkumarc@gmail.com
MRM-1132,klaus.wienert
MRM-1457,knoth
MRM-1457,knoth
MRM-1457,knoth
MRM-1457,knoth
MRM-1786,kosalads
MRM-1786,kosalads
MRM-1786,kosalads
MRM-1786,kosalads
MRM-1786,kosalads
MRM-1883,krichter
MRM-1602,kumi
MRM-1807,kumi
MRM-1807,kumi
MRM-1807,kumi
MRM-1807,kumi
MRM-1807,kumi
MRM-1807,kumi
MRM-1807,kumi
MRM-1807,kumi
MRM-727,landrus
MRM-727,landrus
MRM-727,landrus
MRM-727,landrus
MRM-1149,lbeuster
MRM-1149,lbeuster
MRM-870,leahpar
MRM-288,lecarma
MRM-1876,lhanXetus
MRM-887,lhe
MRM-970,libor.kramolis
MRM-737,libor.kramolis
MRM-1938,lifove
MRM-1304,liit
MRM-1304,liit
MRM-1304,liit
MRM-1304,liit
MRM-323,lmaitre
MRM-323,lmaitre
MRM-323,lmaitre
MRM-323,lmaitre
MRM-514,lmaitre
MRM-514,lmaitre
MRM-1932,loicdesguin
MRM-728,lpenczek
MRM-644,lptr
MRM-1428,lucadistefano
MRM-1463,lucien@wellernet.ch
MRM-1463,lucien@wellernet.ch
MRM-1463,lucien@wellernet.ch
MRM-1465,lucien@wellernet.ch
MRM-1464,lucien@wellernet.ch
MRM-1563,lukasz74nj
MRM-1151,magullo
MRM-909,maik
MRM-909,maik
MRM-676,mandrew
MRM-1097,manfredjs
MRM-432,marc
MRM-432,marc
MRM-1066,marklmarkus
MRM-1901,marklmarkus
MRM-962,martinc
MRM-962,martinc
MRM-937,martinc
MRM-937,martinc
MRM-433,matgodle
MRM-432,mathiasarens
MRM-432,mathiasarens
MRM-383,mathiasarens
MRM-518,mathiasarens
MRM-599,mathiasarens
MRM-599,mathiasarens
MRM-599,mathiasarens
MRM-599,mathiasarens
MRM-531,mathiasarens
MRM-531,mathiasarens
MRM-782,mathiasarens
MRM-837,mathus.b@mipih.fr
MRM-837,mathus.b@mipih.fr
MRM-837,mathus.b@mipih.fr
MRM-837,mathus.b@mipih.fr
MRM-742,mathus.b@mipih.fr
MRM-741,mathus.b@mipih.fr
MRM-747,mathus.b@mipih.fr
MRM-584,matinh
MRM-701,matinh
MRM-671,maxb
MRM-232,maxb
MRM-215,maxb
MRM-1276,mbaclay
MRM-1276,mbaclay
MRM-1276,mbaclay
MRM-1276,mbaclay
MRM-1276,mbaclay
MRM-1234,mbaclay
MRM-1206,mbaclay
MRM-1241,mbaclay
MRM-1241,mbaclay
MRM-1241,mbaclay
MRM-1226,mbaclay
MRM-1226,mbaclay
MRM-1211,mbaclay
MRM-1164,mbaclay
MRM-1164,mbaclay
MRM-1164,mbaclay
MRM-1164,mbaclay
MRM-1164,mbaclay
MRM-1164,mbaclay
MRM-1164,mbaclay
MRM-1164,mbaclay
MRM-1193,mbaclay
MRM-694,mbaclay
MRM-945,mbaclay
MRM-1323,mbaclay
MRM-1323,mbaclay
MRM-1323,mbaclay
MRM-1323,mbaclay
MRM-1323,mbaclay
MRM-1323,mbaclay
MRM-794,mburger
MRM-999,mccloud
MRM-969,mccloud
MRM-1468,mchua
MRM-1468,mchua
MRM-1468,mchua
MRM-1468,mchua
MRM-1468,mchua
MRM-1468,mchua
MRM-1468,mchua
MRM-1468,mchua
MRM-1468,mchua
MRM-1468,mchua
MRM-1468,mchua
MRM-1468,mchua
MRM-956,mdelaney
MRM-960,mdelaney
MRM-900,mektoub
MRM-900,mektoub
MRM-900,mektoub
MRM-598,memese
MRM-598,memese
MRM-243,mgervais
MRM-243,mgervais
MRM-1175,mgoldhahn
MRM-1449,mhaller
MRM-1284,mhaller
MRM-1132,mhaller
MRM-1778,mherbst
MRM-1778,mherbst
MRM-1778,mherbst
MRM-487,michal.stochmialek
MRM-487,michal.stochmialek
MRM-952,michal.stochmialek
MRM-952,michal.stochmialek
MRM-952,michal.stochmialek
MRM-952,michal.stochmialek
MRM-952,michal.stochmialek
MRM-952,michal.stochmialek
MRM-851,mihbor@wp.pl
MRM-850,minaba
MRM-1866,mireczatko
MRM-1866,mireczatko
MRM-1866,mireczatko
MRM-1873,mireczatko
MRM-1197,mitchaoc
MRM-837,mjahn
MRM-837,mjahn
MRM-526,mjsell
MRM-1155,mk4work
MRM-1155,mk4work
MRM-1155,mk4work
MRM-1162,mk4work
MRM-148,mkleint
MRM-148,mkleint
MRM-127,mkleint
MRM-127,mkleint
MRM-181,mkleint
MRM-128,mkleint
MRM-183,mkleint
MRM-578,mkleint
MRM-578,mkleint
MRM-578,mkleint
MRM-1745,mkleint
MRM-1627,mmagallanes
MRM-1895,mmaker1234
MRM-1694,motofix
MRM-1418,mparra
MRM-1418,mparra
MRM-1418,mparra
MRM-1418,mparra
MRM-1418,mparra
MRM-1418,mparra
MRM-1418,mparra
MRM-728,mparra
MRM-999,mpasteur
MRM-1356,mpasteur
MRM-844,mrgeorge
MRM-1562,msqr
MRM-1427,msqr
MRM-1830,msqr
MRM-982,mwho
MRM-676,mwood
MRM-1161,mykol
MRM-619,mykol
MRM-619,mykol
MRM-881,mykol
MRM-292,nbeyer
MRM-293,nbeyer
MRM-293,nbeyer
MRM-239,nbeyer
MRM-1936,nbommu
MRM-460,ndeloof
MRM-460,ndeloof
MRM-154,ndeloof
MRM-152,ndeloof
MRM-155,ndeloof
MRM-155,ndeloof
MRM-155,ndeloof
MRM-153,ndeloof
MRM-153,ndeloof
MRM-153,ndeloof
MRM-153,ndeloof
MRM-153,ndeloof
MRM-153,ndeloof
MRM-153,ndeloof
MRM-153,ndeloof
MRM-153,ndeloof
MRM-153,ndeloof
MRM-153,ndeloof
MRM-312,ndeloof
MRM-312,ndeloof
MRM-320,ndeloof
MRM-678,ndeloof
MRM-678,ndeloof
MRM-670,ndeloof
MRM-667,ndeloof
MRM-667,ndeloof
MRM-667,ndeloof
MRM-629,ndeloof
MRM-869,ndeloof
MRM-869,ndeloof
MRM-869,ndeloof
MRM-869,ndeloof
MRM-872,ndeloof
MRM-519,ndeloof
MRM-593,ndeloof
MRM-595,ndeloof
MRM-595,ndeloof
MRM-594,ndeloof
MRM-594,ndeloof
MRM-594,ndeloof
MRM-594,ndeloof
MRM-517,ndeloof
MRM-517,ndeloof
MRM-596,ndeloof
MRM-268,ndeloof
MRM-268,ndeloof
MRM-268,ndeloof
MRM-211,ndeloof
MRM-211,ndeloof
MRM-211,ndeloof
MRM-211,ndeloof
MRM-768,ndeloof
MRM-768,ndeloof
MRM-74,ngonzalez
MRM-1414,nicholas.grabowski@schwab.com
MRM-1026,nidragedd
MRM-749,nmaiorana
MRM-787,npellow
MRM-358,nramirez
MRM-358,nramirez
MRM-315,nramirez
MRM-317,nramirez
MRM-317,nramirez
MRM-317,nramirez
MRM-321,nramirez
MRM-332,nramirez
MRM-310,nramirez
MRM-310,nramirez
MRM-357,nramirez
MRM-357,nramirez
MRM-314,nramirez
MRM-326,nramirez
MRM-694,nramirez
MRM-694,nramirez
MRM-694,nramirez
MRM-694,nramirez
MRM-658,nramirez
MRM-846,nramirez
MRM-598,nramirez
MRM-233,nramirez
MRM-242,nramirez
MRM-242,nramirez
MRM-242,nramirez
MRM-242,nramirez
MRM-1097,occasl
MRM-1097,occasl
MRM-1088,occasl
MRM-436,oching
MRM-436,oching
MRM-485,oching
MRM-485,oching
MRM-416,oching
MRM-416,oching
MRM-471,oching
MRM-471,oching
MRM-471,oching
MRM-453,oching
MRM-453,oching
MRM-442,oching
MRM-407,oching
MRM-407,oching
MRM-438,oching
MRM-438,oching
MRM-438,oching
MRM-482,oching
MRM-425,oching
MRM-409,oching
MRM-409,oching
MRM-409,oching
MRM-426,oching
MRM-426,oching
MRM-426,oching
MRM-426,oching
MRM-426,oching
MRM-454,oching
MRM-1624,oching
MRM-1523,oching
MRM-1522,oching
MRM-143,oching
MRM-143,oching
MRM-143,oching
MRM-150,oching
MRM-112,oching
MRM-124,oching
MRM-124,oching
MRM-123,oching
MRM-123,oching
MRM-123,oching
MRM-123,oching
MRM-160,oching
MRM-115,oching
MRM-116,oching
MRM-153,oching
MRM-114,oching
MRM-374,oching
MRM-374,oching
MRM-374,oching
MRM-354,oching
MRM-319,oching
MRM-325,oching
MRM-325,oching
MRM-381,oching
MRM-315,oching
MRM-383,oching
MRM-317,oching
MRM-321,oching
MRM-378,oching
MRM-356,oching
MRM-310,oching
MRM-377,oching
MRM-376,oching
MRM-376,oching
MRM-376,oching
MRM-376,oching
MRM-385,oching
MRM-318,oching
MRM-323,oching
MRM-323,oching
MRM-323,oching
MRM-392,oching
MRM-397,oching
MRM-397,oching
MRM-397,oching
MRM-397,oching
MRM-316,oching
MRM-316,oching
MRM-329,oching
MRM-329,oching
MRM-314,oching
MRM-393,oching
MRM-326,oching
MRM-1408,oching
MRM-1409,oching
MRM-1409,oching
MRM-1409,oching
MRM-1460,oching
MRM-1460,oching
MRM-1460,oching
MRM-1460,oching
MRM-1460,oching
MRM-1457,oching
MRM-1484,oching
MRM-1404,oching
MRM-1405,oching
MRM-1463,oching
MRM-1467,oching
MRM-1467,oching
MRM-1465,oching
MRM-1465,oching
MRM-1465,oching
MRM-1411,oching
MRM-1411,oching
MRM-1411,oching
MRM-1411,oching
MRM-1438,oching
MRM-1400,oching
MRM-1488,oching
MRM-1488,oching
MRM-1424,oching
MRM-1424,oching
MRM-1461,oching
MRM-1476,oching
MRM-1476,oching
MRM-1406,oching
MRM-1417,oching
MRM-1475,oching
MRM-1459,oching
MRM-1459,oching
MRM-1459,oching
MRM-1403,oching
MRM-1402,oching
MRM-1468,oching
MRM-1468,oching
MRM-1468,oching
MRM-1468,oching
MRM-1468,oching
MRM-1468,oching
MRM-1468,oching
MRM-1468,oching
MRM-1468,oching
MRM-1452,oching
MRM-1401,oching
MRM-1401,oching
MRM-1410,oching
MRM-1407,oching
MRM-1453,oching
MRM-1469,oching
MRM-1469,oching
MRM-1469,oching
MRM-1202,oching
MRM-1202,oching
MRM-1225,oching
MRM-1270,oching
MRM-1276,oching
MRM-1259,oching
MRM-1228,oching
MRM-1228,oching
MRM-1239,oching
MRM-1239,oching
MRM-1239,oching
MRM-1296,oching
MRM-1296,oching
MRM-1296,oching
MRM-1256,oching
MRM-1230,oching
MRM-1253,oching
MRM-1253,oching
MRM-1253,oching
MRM-1253,oching
MRM-1253,oching
MRM-1253,oching
MRM-1268,oching
MRM-1206,oching
MRM-1206,oching
MRM-1214,oching
MRM-1249,oching
MRM-1249,oching
MRM-1274,oching
MRM-1274,oching
MRM-1243,oching
MRM-1277,oching
MRM-1277,oching
MRM-1277,oching
MRM-1207,oching
MRM-1204,oching
MRM-1208,oching
MRM-1280,oching
MRM-1280,oching
MRM-1237,oching
MRM-1254,oching
MRM-1254,oching
MRM-1212,oching
MRM-1212,oching
MRM-1250,oching
MRM-1275,oching
MRM-1275,oching
MRM-1275,oching
MRM-1278,oching
MRM-1278,oching
MRM-1232,oching
MRM-1232,oching
MRM-1232,oching
MRM-1161,oching
MRM-1161,oching
MRM-1161,oching
MRM-1160,oching
MRM-1160,oching
MRM-1199,oching
MRM-1154,oching
MRM-1141,oching
MRM-1141,oching
MRM-1141,oching
MRM-1145,oching
MRM-1155,oching
MRM-1155,oching
MRM-1155,oching
MRM-1155,oching
MRM-1155,oching
MRM-1155,oching
MRM-1162,oching
MRM-1191,oching
MRM-1171,oching
MRM-1159,oching
MRM-1135,oching
MRM-1165,oching
MRM-1189,oching
MRM-1189,oching
MRM-1189,oching
MRM-1189,oching
MRM-1189,oching
MRM-1189,oching
MRM-1189,oching
MRM-1196,oching
MRM-1121,oching
MRM-1121,oching
MRM-1148,oching
MRM-1151,oching
MRM-1172,oching
MRM-1172,oching
MRM-1185,oching
MRM-1166,oching
MRM-1179,oching
MRM-1194,oching
MRM-1194,oching
MRM-1194,oching
MRM-1194,oching
MRM-1194,oching
MRM-1119,oching
MRM-1157,oching
MRM-1157,oching
MRM-1157,oching
MRM-1157,oching
MRM-1158,oching
MRM-1164,oching
MRM-1143,oching
MRM-1143,oching
MRM-1163,oching
MRM-1163,oching
MRM-1182,oching
MRM-1188,oching
MRM-1104,oching
MRM-1104,oching
MRM-1104,oching
MRM-1103,oching
MRM-1197,oching
MRM-1197,oching
MRM-1197,oching
MRM-1176,oching
MRM-1176,oching
MRM-1167,oching
MRM-1167,oching
MRM-1198,oching
MRM-1198,oching
MRM-1152,oching
MRM-1152,oching
MRM-1117,oching
MRM-1125,oching
MRM-1177,oching
MRM-1136,oching
MRM-1136,oching
MRM-1136,oching
MRM-1136,oching
MRM-1136,oching
MRM-1136,oching
MRM-1168,oching
MRM-1156,oching
MRM-1156,oching
MRM-1156,oching
MRM-1156,oching
MRM-1156,oching
MRM-1156,oching
MRM-1156,oching
MRM-1156,oching
MRM-1105,oching
MRM-687,oching
MRM-614,oching
MRM-675,oching
MRM-654,oching
MRM-602,oching
MRM-602,oching
MRM-628,oching
MRM-662,oching
MRM-662,oching
MRM-630,oching
MRM-630,oching
MRM-699,oching
MRM-620,oching
MRM-650,oching
MRM-608,oching
MRM-608,oching
MRM-646,oching
MRM-688,oching
MRM-688,oching
MRM-688,oching
MRM-688,oching
MRM-688,oching
MRM-688,oching
MRM-688,oching
MRM-655,oching
MRM-660,oching
MRM-677,oching
MRM-677,oching
MRM-677,oching
MRM-677,oching
MRM-677,oching
MRM-677,oching
MRM-677,oching
MRM-677,oching
MRM-677,oching
MRM-633,oching
MRM-633,oching
MRM-633,oching
MRM-633,oching
MRM-605,oching
MRM-692,oching
MRM-606,oching
MRM-651,oching
MRM-615,oching
MRM-607,oching
MRM-609,oching
MRM-622,oching
MRM-622,oching
MRM-622,oching
MRM-694,oching
MRM-694,oching
MRM-694,oching
MRM-694,oching
MRM-694,oching
MRM-694,oching
MRM-694,oching
MRM-694,oching
MRM-694,oching
MRM-694,oching
MRM-694,oching
MRM-694,oching
MRM-694,oching
MRM-694,oching
MRM-694,oching
MRM-694,oching
MRM-694,oching
MRM-694,oching
MRM-668,oching
MRM-668,oching
MRM-668,oching
MRM-668,oching
MRM-668,oching
MRM-668,oching
MRM-619,oching
MRM-619,oching
MRM-658,oching
MRM-658,oching
MRM-658,oching
MRM-695,oching
MRM-621,oching
MRM-621,oching
MRM-636,oching
MRM-636,oching
MRM-636,oching
MRM-636,oching
MRM-636,oching
MRM-669,oching
MRM-612,oching
MRM-612,oching
MRM-612,oching
MRM-1092,oching
MRM-1057,oching
MRM-1057,oching
MRM-1091,oching
MRM-1054,oching
MRM-1094,oching
MRM-1068,oching
MRM-1056,oching
MRM-1056,oching
MRM-1056,oching
MRM-1046,oching
MRM-1028,oching
MRM-1097,oching
MRM-1097,oching
MRM-1097,oching
MRM-1097,oching
MRM-1097,oching
MRM-1002,oching
MRM-1022,oching
MRM-1044,oching
MRM-1066,oching
MRM-1066,oching
MRM-1066,oching
MRM-1076,oching
MRM-1032,oching
MRM-1079,oching
MRM-1079,oching
MRM-1037,oching
MRM-1007,oching
MRM-1075,oching
MRM-1075,oching
MRM-1043,oching
MRM-1043,oching
MRM-1099,oching
MRM-1080,oching
MRM-1042,oching
MRM-1042,oching
MRM-1085,oching
MRM-1039,oching
MRM-1071,oching
MRM-1036,oching
MRM-1033,oching
MRM-1033,oching
MRM-1033,oching
MRM-1012,oching
MRM-1012,oching
MRM-1012,oching
MRM-1041,oching
MRM-1041,oching
MRM-851,oching
MRM-851,oching
MRM-817,oching
MRM-817,oching
MRM-890,oching
MRM-810,oching
MRM-807,oching
MRM-807,oching
MRM-802,oching
MRM-848,oching
MRM-848,oching
MRM-832,oching
MRM-888,oching
MRM-874,oching
MRM-893,oching
MRM-845,oching
MRM-819,oching
MRM-820,oching
MRM-820,oching
MRM-881,oching
MRM-881,oching
MRM-804,oching
MRM-823,oching
MRM-844,oching
MRM-896,oching
MRM-861,oching
MRM-861,oching
MRM-883,oching
MRM-841,oching
MRM-841,oching
MRM-841,oching
MRM-841,oching
MRM-841,oching
MRM-846,oching
MRM-846,oching
MRM-846,oching
MRM-846,oching
MRM-895,oching
MRM-895,oching
MRM-827,oching
MRM-827,oching
MRM-892,oching
MRM-892,oching
MRM-801,oching
MRM-871,oching
MRM-872,oching
MRM-872,oching
MRM-872,oching
MRM-868,oching
MRM-839,oching
MRM-873,oching
MRM-818,oching
MRM-880,oching
MRM-814,oching
MRM-864,oching
MRM-824,oching
MRM-36,oching
MRM-36,oching
MRM-36,oching
MRM-67,oching
MRM-67,oching
MRM-67,oching
MRM-56,oching
MRM-32,oching
MRM-44,oching
MRM-44,oching
MRM-37,oching
MRM-48,oching
MRM-90,oching
MRM-90,oching
MRM-90,oching
MRM-99,oching
MRM-55,oching
MRM-55,oching
MRM-35,oching
MRM-17,oching
MRM-17,oching
MRM-17,oching
MRM-53,oching
MRM-68,oching
MRM-52,oching
MRM-57,oching
MRM-57,oching
MRM-57,oching
MRM-42,oching
MRM-42,oching
MRM-42,oching
MRM-42,oching
MRM-45,oching
MRM-31,oching
MRM-69,oching
MRM-80,oching
MRM-6,oching
MRM-84,oching
MRM-84,oching
MRM-84,oching
MRM-84,oching
MRM-84,oching
MRM-84,oching
MRM-84,oching
MRM-88,oching
MRM-88,oching
MRM-966,oching
MRM-909,oching
MRM-909,oching
MRM-915,oching
MRM-915,oching
MRM-915,oching
MRM-915,oching
MRM-915,oching
MRM-985,oching
MRM-985,oching
MRM-934,oching
MRM-912,oching
MRM-971,oching
MRM-933,oching
MRM-933,oching
MRM-991,oching
MRM-991,oching
MRM-981,oching
MRM-903,oching
MRM-980,oching
MRM-980,oching
MRM-980,oching
MRM-980,oching
MRM-980,oching
MRM-980,oching
MRM-980,oching
MRM-980,oching
MRM-980,oching
MRM-980,oching
MRM-980,oching
MRM-980,oching
MRM-980,oching
MRM-980,oching
MRM-980,oching
MRM-980,oching
MRM-980,oching
MRM-980,oching
MRM-980,oching
MRM-980,oching
MRM-980,oching
MRM-980,oching
MRM-946,oching
MRM-946,oching
MRM-946,oching
MRM-939,oching
MRM-911,oching
MRM-911,oching
MRM-954,oching
MRM-932,oching
MRM-913,oching
MRM-905,oching
MRM-905,oching
MRM-905,oching
MRM-905,oching
MRM-952,oching
MRM-952,oching
MRM-952,oching
MRM-901,oching
MRM-982,oching
MRM-967,oching
MRM-967,oching
MRM-591,oching
MRM-568,oching
MRM-573,oching
MRM-573,oching
MRM-598,oching
MRM-598,oching
MRM-576,oching
MRM-527,oching
MRM-584,oching
MRM-584,oching
MRM-584,oching
MRM-512,oching
MRM-512,oching
MRM-588,oching
MRM-587,oching
MRM-574,oching
MRM-544,oching
MRM-556,oching
MRM-550,oching
MRM-510,oching
MRM-538,oching
MRM-520,oching
MRM-580,oching
MRM-596,oching
MRM-521,oching
MRM-294,oching
MRM-294,oching
MRM-294,oching
MRM-294,oching
MRM-294,oching
MRM-265,oching
MRM-206,oching
MRM-206,oching
MRM-206,oching
MRM-206,oching
MRM-275,oching
MRM-275,oching
MRM-216,oching
MRM-216,oching
MRM-216,oching
MRM-216,oching
MRM-216,oching
MRM-216,oching
MRM-231,oching
MRM-236,oching
MRM-259,oching
MRM-246,oching
MRM-230,oching
MRM-260,oching
MRM-245,oching
MRM-792,oching
MRM-792,oching
MRM-792,oching
MRM-792,oching
MRM-749,oching
MRM-749,oching
MRM-749,oching
MRM-749,oching
MRM-749,oching
MRM-796,oching
MRM-765,oching
MRM-789,oching
MRM-789,oching
MRM-789,oching
MRM-789,oching
MRM-789,oching
MRM-789,oching
MRM-789,oching
MRM-789,oching
MRM-789,oching
MRM-789,oching
MRM-786,oching
MRM-786,oching
MRM-786,oching
MRM-786,oching
MRM-786,oching
MRM-786,oching
MRM-793,oching
MRM-793,oching
MRM-727,oching
MRM-727,oching
MRM-727,oching
MRM-727,oching
MRM-727,oching
MRM-727,oching
MRM-727,oching
MRM-728,oching
MRM-728,oching
MRM-779,oching
MRM-785,oching
MRM-731,oching
MRM-711,oching
MRM-711,oching
MRM-711,oching
MRM-711,oching
MRM-711,oching
MRM-711,oching
MRM-711,oching
MRM-711,oching
MRM-730,oching
MRM-730,oching
MRM-730,oching
MRM-747,oching
MRM-747,oching
MRM-747,oching
MRM-747,oching
MRM-747,oching
MRM-747,oching
MRM-747,oching
MRM-747,oching
MRM-747,oching
MRM-747,oching
MRM-747,oching
MRM-747,oching
MRM-773,oching
MRM-773,oching
MRM-773,oching
MRM-773,oching
MRM-773,oching
MRM-773,oching
MRM-773,oching
MRM-773,oching
MRM-773,oching
MRM-773,oching
MRM-773,oching
MRM-773,oching
MRM-773,oching
MRM-773,oching
MRM-773,oching
MRM-773,oching
MRM-773,oching
MRM-751,oching
MRM-751,oching
MRM-777,oching
MRM-797,oching
MRM-797,oching
MRM-797,oching
MRM-797,oching
MRM-797,oching
MRM-797,oching
MRM-797,oching
MRM-754,oching
MRM-754,oching
MRM-754,oching
MRM-754,oching
MRM-754,oching
MRM-767,oching
MRM-767,oching
MRM-767,oching
MRM-774,oching
MRM-784,oching
MRM-790,oching
MRM-790,oching
MRM-790,oching
MRM-737,oching
MRM-737,oching
MRM-737,oching
MRM-1751,oching
MRM-1751,oching
MRM-1751,oching
MRM-1751,oching
MRM-1757,oching
MRM-1757,oching
MRM-1386,oching
MRM-1361,oching
MRM-1361,oching
MRM-1321,oching
MRM-1321,oching
MRM-1321,oching
MRM-1321,oching
MRM-1373,oching
MRM-1373,oching
MRM-1373,oching
MRM-1344,oching
MRM-1396,oching
MRM-1396,oching
MRM-1396,oching
MRM-1345,oching
MRM-1311,oching
MRM-1303,oching
MRM-1310,oching
MRM-1310,oching
MRM-1362,oching
MRM-1362,oching
MRM-1362,oching
MRM-1362,oching
MRM-1362,oching
MRM-1362,oching
MRM-1362,oching
MRM-1362,oching
MRM-1362,oching
MRM-1362,oching
MRM-1362,oching
MRM-1362,oching
MRM-1320,oching
MRM-1353,oching
MRM-1353,oching
MRM-1353,oching
MRM-1353,oching
MRM-1353,oching
MRM-1353,oching
MRM-1353,oching
MRM-1353,oching
MRM-1390,oching
MRM-1309,oching
MRM-1322,oching
MRM-1322,oching
MRM-1389,oching
MRM-1389,oching
MRM-1389,oching
MRM-1398,oching
MRM-1305,oching
MRM-1314,oching
MRM-1312,oching
MRM-1312,oching
MRM-1347,oching
MRM-1323,oching
MRM-1323,oching
MRM-1354,oching
MRM-1354,oching
MRM-1316,oching
MRM-1374,oching
MRM-1349,oching
MRM-1372,oching
MRM-1372,oching
MRM-1372,oching
MRM-1397,oching
MRM-657,odassaud
MRM-735,odassaud
MRM-1061,odehon
MRM-1061,odehon
MRM-1061,odehon
MRM-491,olamy
MRM-490,olamy
MRM-1674,olamy
MRM-1654,olamy
MRM-1660,olamy
MRM-1660,olamy
MRM-1652,olamy
MRM-1652,olamy
MRM-1652,olamy
MRM-1638,olamy
MRM-1638,olamy
MRM-1638,olamy
MRM-1638,olamy
MRM-1638,olamy
MRM-1638,olamy
MRM-1638,olamy
MRM-1638,olamy
MRM-1638,olamy
MRM-1635,olamy
MRM-1699,olamy
MRM-1641,olamy
MRM-1663,olamy
MRM-1661,olamy
MRM-1621,olamy
MRM-1692,olamy
MRM-1659,olamy
MRM-1698,olamy
MRM-1668,olamy
MRM-1642,olamy
MRM-1619,olamy
MRM-1655,olamy
MRM-1685,olamy
MRM-1684,olamy
MRM-1694,olamy
MRM-1657,olamy
MRM-1617,olamy
MRM-1640,olamy
MRM-1609,olamy
MRM-1609,olamy
MRM-1609,olamy
MRM-1609,olamy
MRM-1609,olamy
MRM-1609,olamy
MRM-1623,olamy
MRM-1662,olamy
MRM-1618,olamy
MRM-1626,olamy
MRM-1697,olamy
MRM-1673,olamy
MRM-1615,olamy
MRM-1656,olamy
MRM-1656,olamy
MRM-1656,olamy
MRM-1656,olamy
MRM-1610,olamy
MRM-1687,olamy
MRM-1687,olamy
MRM-1653,olamy
MRM-1611,olamy
MRM-1682,olamy
MRM-1667,olamy
MRM-1614,olamy
MRM-1614,olamy
MRM-1683,olamy
MRM-1683,olamy
MRM-1689,olamy
MRM-1689,olamy
MRM-1645,olamy
MRM-1658,olamy
MRM-1629,olamy
MRM-1613,olamy
MRM-1675,olamy
MRM-1681,olamy
MRM-1664,olamy
MRM-1607,olamy
MRM-1676,olamy
MRM-1686,olamy
MRM-1649,olamy
MRM-1649,olamy
MRM-1606,olamy
MRM-1695,olamy
MRM-1600,olamy
MRM-1628,olamy
MRM-1616,olamy
MRM-1616,olamy
MRM-1650,olamy
MRM-1650,olamy
MRM-1696,olamy
MRM-1696,olamy
MRM-1627,olamy
MRM-1627,olamy
MRM-1665,olamy
MRM-1639,olamy
MRM-1639,olamy
MRM-1639,olamy
MRM-1644,olamy
MRM-1625,olamy
MRM-1672,olamy
MRM-1672,olamy
MRM-1680,olamy
MRM-1693,olamy
MRM-1506,olamy
MRM-1527,olamy
MRM-1541,olamy
MRM-1541,olamy
MRM-1545,olamy
MRM-1563,olamy
MRM-1558,olamy
MRM-1558,olamy
MRM-1501,olamy
MRM-1529,olamy
MRM-1500,olamy
MRM-1573,olamy
MRM-1573,olamy
MRM-1573,olamy
MRM-1573,olamy
MRM-1573,olamy
MRM-1573,olamy
MRM-1573,olamy
MRM-1552,olamy
MRM-1552,olamy
MRM-1552,olamy
MRM-1552,olamy
MRM-1535,olamy
MRM-1513,olamy
MRM-1513,olamy
MRM-1513,olamy
MRM-1536,olamy
MRM-1564,olamy
MRM-1526,olamy
MRM-1526,olamy
MRM-1555,olamy
MRM-1577,olamy
MRM-1542,olamy
MRM-1538,olamy
MRM-1549,olamy
MRM-1540,olamy
MRM-1567,olamy
MRM-1560,olamy
MRM-1560,olamy
MRM-1572,olamy
MRM-1508,olamy
MRM-1568,olamy
MRM-1507,olamy
MRM-1587,olamy
MRM-1587,olamy
MRM-1587,olamy
MRM-1509,olamy
MRM-1509,olamy
MRM-1551,olamy
MRM-1512,olamy
MRM-1575,olamy
MRM-1580,olamy
MRM-1503,olamy
MRM-1585,olamy
MRM-1565,olamy
MRM-1565,olamy
MRM-1565,olamy
MRM-1565,olamy
MRM-1515,olamy
MRM-1515,olamy
MRM-1515,olamy
MRM-1534,olamy
MRM-1550,olamy
MRM-1550,olamy
MRM-1556,olamy
MRM-1556,olamy
MRM-1586,olamy
MRM-1598,olamy
MRM-1510,olamy
MRM-1557,olamy
MRM-1579,olamy
MRM-1578,olamy
MRM-1591,olamy
MRM-1591,olamy
MRM-1524,olamy
MRM-1574,olamy
MRM-1574,olamy
MRM-1574,olamy
MRM-1525,olamy
MRM-1525,olamy
MRM-1546,olamy
MRM-1546,olamy
MRM-1583,olamy
MRM-1583,olamy
MRM-1583,olamy
MRM-1519,olamy
MRM-1544,olamy
MRM-1504,olamy
MRM-1592,olamy
MRM-1592,olamy
MRM-1592,olamy
MRM-1518,olamy
MRM-1518,olamy
MRM-1502,olamy
MRM-1502,olamy
MRM-1516,olamy
MRM-1516,olamy
MRM-1569,olamy
MRM-1569,olamy
MRM-1569,olamy
MRM-1569,olamy
MRM-1514,olamy
MRM-1590,olamy
MRM-1581,olamy
MRM-1520,olamy
MRM-1559,olamy
MRM-1548,olamy
MRM-1533,olamy
MRM-1543,olamy
MRM-1599,olamy
MRM-1599,olamy
MRM-1547,olamy
MRM-1505,olamy
MRM-1562,olamy
MRM-1562,olamy
MRM-1562,olamy
MRM-1562,olamy
MRM-1562,olamy
MRM-1562,olamy
MRM-1562,olamy
MRM-1537,olamy
MRM-1566,olamy
MRM-1589,olamy
MRM-180,olamy
MRM-130,olamy
MRM-173,olamy
MRM-1486,olamy
MRM-1414,olamy
MRM-1478,olamy
MRM-1477,olamy
MRM-1480,olamy
MRM-1480,olamy
MRM-1456,olamy
MRM-1481,olamy
MRM-1425,olamy
MRM-1428,olamy
MRM-1496,olamy
MRM-1496,olamy
MRM-1427,olamy
MRM-1427,olamy
MRM-1487,olamy
MRM-1487,olamy
MRM-1497,olamy
MRM-1497,olamy
MRM-1497,olamy
MRM-1472,olamy
MRM-1472,olamy
MRM-1472,olamy
MRM-1472,olamy
MRM-1472,olamy
MRM-1472,olamy
MRM-1472,olamy
MRM-1491,olamy
MRM-1450,olamy
MRM-1473,olamy
MRM-1471,olamy
MRM-1471,olamy
MRM-1479,olamy
MRM-1415,olamy
MRM-1410,olamy
MRM-1426,olamy
MRM-1413,olamy
MRM-1485,olamy
MRM-1263,olamy
MRM-1298,olamy
MRM-1213,olamy
MRM-1201,olamy
MRM-1280,olamy
MRM-1287,olamy
MRM-1210,olamy
MRM-1210,olamy
MRM-1247,olamy
MRM-1247,olamy
MRM-1154,olamy
MRM-1129,olamy
MRM-1129,olamy
MRM-1170,olamy
MRM-1170,olamy
MRM-1149,olamy
MRM-1127,olamy
MRM-1127,olamy
MRM-1127,olamy
MRM-1126,olamy
MRM-1142,olamy
MRM-1158,olamy
MRM-1181,olamy
MRM-1181,olamy
MRM-1173,olamy
MRM-1173,olamy
MRM-684,olamy
MRM-676,olamy
MRM-676,olamy
MRM-640,olamy
MRM-649,olamy
MRM-1089,olamy
MRM-1065,olamy
MRM-1030,olamy
MRM-1003,olamy
MRM-832,olamy
MRM-862,olamy
MRM-897,olamy
MRM-854,olamy
MRM-830,olamy
MRM-813,olamy
MRM-863,olamy
MRM-815,olamy
MRM-815,olamy
MRM-815,olamy
MRM-815,olamy
MRM-815,olamy
MRM-815,olamy
MRM-887,olamy
MRM-875,olamy
MRM-875,olamy
MRM-875,olamy
MRM-1816,olamy
MRM-1807,olamy
MRM-1807,olamy
MRM-1807,olamy
MRM-1807,olamy
MRM-1807,olamy
MRM-1807,olamy
MRM-1807,olamy
MRM-1807,olamy
MRM-1807,olamy
MRM-1807,olamy
MRM-1807,olamy
MRM-1830,olamy
MRM-1877,olamy
MRM-1858,olamy
MRM-1871,olamy
MRM-1871,olamy
MRM-1871,olamy
MRM-1834,olamy
MRM-1802,olamy
MRM-1814,olamy
MRM-1833,olamy
MRM-1803,olamy
MRM-1808,olamy
MRM-1810,olamy
MRM-1860,olamy
MRM-1812,olamy
MRM-1812,olamy
MRM-1818,olamy
MRM-1818,olamy
MRM-1818,olamy
MRM-1861,olamy
MRM-1861,olamy
MRM-1836,olamy
MRM-1844,olamy
MRM-1869,olamy
MRM-1854,olamy
MRM-1854,olamy
MRM-1827,olamy
MRM-1843,olamy
MRM-1880,olamy
MRM-1880,olamy
MRM-1898,olamy
MRM-1853,olamy
MRM-1815,olamy
MRM-1832,olamy
MRM-1832,olamy
MRM-1841,olamy
MRM-1841,olamy
MRM-1841,olamy
MRM-1841,olamy
MRM-1841,olamy
MRM-1859,olamy
MRM-1809,olamy
MRM-1839,olamy
MRM-1874,olamy
MRM-1837,olamy
MRM-1837,olamy
MRM-1804,olamy
MRM-1873,olamy
MRM-1846,olamy
MRM-1846,olamy
MRM-1846,olamy
MRM-1846,olamy
MRM-1846,olamy
MRM-1846,olamy
MRM-1846,olamy
MRM-1813,olamy
MRM-19,olamy
MRM-999,olamy
MRM-927,olamy
MRM-979,olamy
MRM-910,olamy
MRM-944,olamy
MRM-947,olamy
MRM-969,olamy
MRM-918,olamy
MRM-560,olamy
MRM-526,olamy
MRM-526,olamy
MRM-526,olamy
MRM-589,olamy
MRM-589,olamy
MRM-289,olamy
MRM-290,olamy
MRM-743,olamy
MRM-728,olamy
MRM-722,olamy
MRM-710,olamy
MRM-770,olamy
MRM-709,olamy
MRM-709,olamy
MRM-709,olamy
MRM-788,olamy
MRM-718,olamy
MRM-782,olamy
MRM-1750,olamy
MRM-1781,olamy
MRM-1755,olamy
MRM-1755,olamy
MRM-1755,olamy
MRM-1718,olamy
MRM-1718,olamy
MRM-1789,olamy
MRM-1789,olamy
MRM-1740,olamy
MRM-1752,olamy
MRM-1752,olamy
MRM-1752,olamy
MRM-1752,olamy
MRM-1752,olamy
MRM-1753,olamy
MRM-1766,olamy
MRM-1762,olamy
MRM-1710,olamy
MRM-1749,olamy
MRM-1791,olamy
MRM-1764,olamy
MRM-1734,olamy
MRM-1785,olamy
MRM-1783,olamy
MRM-1717,olamy
MRM-1706,olamy
MRM-1705,olamy
MRM-1759,olamy
MRM-1774,olamy
MRM-1760,olamy
MRM-1760,olamy
MRM-1760,olamy
MRM-1760,olamy
MRM-1714,olamy
MRM-1712,olamy
MRM-1722,olamy
MRM-1792,olamy
MRM-1792,olamy
MRM-1780,olamy
MRM-1746,olamy
MRM-1728,olamy
MRM-1796,olamy
MRM-1796,olamy
MRM-1763,olamy
MRM-1795,olamy
MRM-1720,olamy
MRM-1720,olamy
MRM-1720,olamy
MRM-1786,olamy
MRM-1786,olamy
MRM-1786,olamy
MRM-1786,olamy
MRM-1754,olamy
MRM-1700,olamy
MRM-1756,olamy
MRM-1790,olamy
MRM-1724,olamy
MRM-1721,olamy
MRM-1779,olamy
MRM-1747,olamy
MRM-1747,olamy
MRM-1747,olamy
MRM-1747,olamy
MRM-1747,olamy
MRM-1777,olamy
MRM-1709,olamy
MRM-1775,olamy
MRM-1715,olamy
MRM-1708,olamy
MRM-1703,olamy
MRM-1778,olamy
MRM-1778,olamy
MRM-1778,olamy
MRM-1702,olamy
MRM-1713,olamy
MRM-1741,olamy
MRM-1741,olamy
MRM-1741,olamy
MRM-1741,olamy
MRM-1745,olamy
MRM-1736,olamy
MRM-1736,olamy
MRM-1736,olamy
MRM-1751,olamy
MRM-1784,olamy
MRM-1711,olamy
MRM-1725,olamy
MRM-1707,olamy
MRM-1727,olamy
MRM-1768,olamy
MRM-1768,olamy
MRM-1772,olamy
MRM-1772,olamy
MRM-1772,olamy
MRM-1758,olamy
MRM-1794,olamy
MRM-1793,olamy
MRM-1701,olamy
MRM-1732,olamy
MRM-1776,olamy
MRM-1719,olamy
MRM-1730,olamy
MRM-1726,olamy
MRM-1729,olamy
MRM-1729,olamy
MRM-1787,olamy
MRM-1761,olamy
MRM-1767,olamy
MRM-1914,olamy
MRM-1952,olamy
MRM-1924,olamy
MRM-1924,olamy
MRM-1900,olamy
MRM-1928,olamy
MRM-1923,olamy
MRM-1923,olamy
MRM-1911,olamy
MRM-1911,olamy
MRM-1909,olamy
MRM-1915,olamy
MRM-1904,olamy
MRM-1904,olamy
MRM-1906,olamy
MRM-1906,olamy
MRM-1908,olamy
MRM-1925,olamy
MRM-1307,olamy
MRM-1332,olamy
MRM-1332,olamy
MRM-1332,olamy
MRM-1392,olamy
MRM-1333,olamy
MRM-1333,olamy
MRM-1333,olamy
MRM-1370,olamy
MRM-1318,olamy
MRM-1345,olamy
MRM-1345,olamy
MRM-1331,olamy
MRM-1331,olamy
MRM-1311,olamy
MRM-1364,olamy
MRM-1364,olamy
MRM-1367,olamy
MRM-1343,olamy
MRM-1352,olamy
MRM-1388,olamy
MRM-1359,olamy
MRM-1359,olamy
MRM-1359,olamy
MRM-1395,olamy
MRM-1393,olamy
MRM-1393,olamy
MRM-1334,olamy
MRM-1374,olamy
MRM-1374,olamy
MRM-1327,olamy
MRM-1327,olamy
MRM-1327,olamy
MRM-1327,olamy
MRM-1327,olamy
MRM-1327,olamy
MRM-1327,olamy
MRM-687,oliveros
MRM-620,oliveros
MRM-608,oliveros
MRM-692,oliveros
MRM-692,oliveros
MRM-617,oliveros
MRM-617,oliveros
MRM-622,oliveros
MRM-622,oliveros
MRM-622,oliveros
MRM-622,oliveros
MRM-206,oliveros
MRM-206,oliveros
MRM-1062,olle.hallin
MRM-1054,olo
MRM-1054,olo
MRM-1632,olze
MRM-1632,olze
MRM-1599,oscar.gonzalez
MRM-1599,oscar.gonzalez
MRM-1810,ottomata
MRM-1484,pablaasmo
MRM-1150,pablaasmo
MRM-1773,pablaasmo
MRM-1773,pablaasmo
MRM-1773,pablaasmo
MRM-1773,pablaasmo
MRM-1352,pablaasmo
MRM-1352,pablaasmo
MRM-1352,pablaasmo
MRM-1352,pablaasmo
MRM-1352,pablaasmo
MRM-1352,pablaasmo
MRM-770,paolo.compieta
MRM-1159,patriarch24
MRM-1159,patriarch24
MRM-1159,patriarch24
MRM-831,paulsp
MRM-1901,pbuchheit
MRM-1807,pcanham
MRM-378,pdodds
MRM-380,pdodds
MRM-1485,pedrol
MRM-1485,pedrol
MRM-1485,pedrol
MRM-1485,pedrol
MRM-1485,pedrol
MRM-1485,pedrol
MRM-1103,peter_lawrey
MRM-1103,peter_lawrey
MRM-1103,peter_lawrey
MRM-1097,peter_lawrey
MRM-1086,peter_lawrey
MRM-1086,peter_lawrey
MRM-753,petroff
MRM-913,phantom_john
MRM-239,pkernevez
MRM-239,pkernevez
MRM-1423,pkwarren
MRM-1423,pkwarren
MRM-1423,pkwarren
MRM-1525,plentz
MRM-1525,plentz
MRM-117,pmking
MRM-117,pmking
MRM-114,pmking
MRM-239,pouet
MRM-725,prange
MRM-1690,predatorvi
MRM-1687,predatorvi
MRM-1689,predatorvi
MRM-1768,predatorvi
MRM-1767,predatorvi
MRM-1767,predatorvi
MRM-1881,proofy
MRM-476,psg9999
MRM-1178,pstawik
MRM-1605,qixnwfnw
MRM-212,raphael
MRM-212,raphael
MRM-303,rcoffin
MRM-739,reda-alaoui
MRM-1807,rjanicki
MRM-2,rkrzewsk
MRM-1155,rmmanning
MRM-850,rnrivas
MRM-850,rnrivas
MRM-850,rnrivas
MRM-850,rnrivas
MRM-850,rnrivas
MRM-850,rnrivas
MRM-717,rnrivas
MRM-717,rnrivas
MRM-717,rnrivas
MRM-288,robertdale
MRM-288,robertdale
MRM-728,robinroos2
MRM-728,robinroos2
MRM-728,robinroos2
MRM-728,robinroos2
MRM-728,robinroos2
MRM-728,robinroos2
MRM-728,robinroos2
MRM-728,robinroos2
MRM-728,robinroos2
MRM-728,robinroos2
MRM-728,robinroos2
MRM-728,robinroos2
MRM-728,robinroos2
MRM-701,robinroos2
MRM-770,robinroos2
MRM-1853,robjdavid
MRM-917,rocko
MRM-905,rocko
MRM-1325,rogerxia
MRM-1911,romain.manni-bucau
MRM-1911,romain.manni-bucau
MRM-1911,romain.manni-bucau
MRM-1911,romain.manni-bucau
MRM-1911,romain.manni-bucau
MRM-1592,romainmoreau
MRM-1592,romainmoreau
MRM-1155,rombert
MRM-1190,rombert
MRM-1157,rombert
MRM-1157,rombert
MRM-677,romeitsupport
MRM-898,rossebo
MRM-898,rossebo
MRM-1859,rovemonteux
MRM-1155,rsaddey
MRM-1061,rsaddey
MRM-1061,rsaddey
MRM-1622,saschavogt
MRM-1622,saschavogt
MRM-1838,saschavogt
MRM-1834,saschavogt
MRM-1833,saschavogt
MRM-1841,saschavogt
MRM-1841,saschavogt
MRM-1841,saschavogt
MRM-1841,saschavogt
MRM-1841,saschavogt
MRM-1841,saschavogt
MRM-1837,saschavogt
MRM-685,sbarnea
MRM-1881,sbarnea
MRM-1881,sbarnea
MRM-1881,sbarnea
MRM-1881,sbarnea
MRM-1881,sbarnea
MRM-1881,sbarnea
MRM-1881,sbarnea
MRM-1428,scarcher2
MRM-1428,scarcher2
MRM-1428,scarcher2
MRM-1428,scarcher2
MRM-724,schedin
MRM-1261,schulte77
MRM-514,schulten
MRM-514,schulten
MRM-747,schumnana
MRM-925,scosenz
MRM-1297,sebb@apache.org
MRM-1002,sebb@apache.org
MRM-1888,sebb@apache.org
MRM-1818,sebb@apache.org
MRM-1847,sebb@apache.org
MRM-1887,sebb@apache.org
MRM-1887,sebb@apache.org
MRM-1887,sebb@apache.org
MRM-1891,sebb@apache.org
MRM-598,seidler
MRM-598,seidler
MRM-1432,sellersj
MRM-1206,sfcoy
MRM-1111,sfcoy
MRM-728,sfcoy
MRM-642,sgargan
MRM-757,sgrunwald
MRM-725,sgrunwald
MRM-830,sgspencer
MRM-621,shinsuke
MRM-96,skaze
MRM-1881,skygo
MRM-1881,skygo
MRM-1893,skygo
MRM-1884,skygo
MRM-1886,skygo
MRM-1890,skygo
MRM-1861,skygo
MRM-1892,skygo
MRM-1827,skygo
MRM-1887,skygo
MRM-1887,skygo
MRM-1887,skygo
MRM-1887,skygo
MRM-1897,skygo
MRM-1896,skygo
MRM-1895,skygo
MRM-1895,skygo
MRM-1882,skygo
MRM-1882,skygo
MRM-1891,skygo
MRM-1894,skygo
MRM-1894,skygo
MRM-1894,skygo
MRM-1894,skygo
MRM-1904,skygo
MRM-1904,skygo
MRM-1904,skygo
MRM-1638,skygolanur
MRM-1638,skygolanur
MRM-1638,skygolanur
MRM-1638,skygolanur
MRM-1638,skygolanur
MRM-1638,skygolanur
MRM-1638,skygolanur
MRM-1638,skygolanur
MRM-1638,skygolanur
MRM-1638,skygolanur
MRM-1638,skygolanur
MRM-1638,skygolanur
MRM-1638,skygolanur
MRM-1638,skygolanur
MRM-1609,skygolanur
MRM-1609,skygolanur
MRM-1609,skygolanur
MRM-1609,skygolanur
MRM-1609,skygolanur
MRM-1609,skygolanur
MRM-1656,skygolanur
MRM-1656,skygolanur
MRM-1656,skygolanur
MRM-1656,skygolanur
MRM-1656,skygolanur
MRM-1614,skygolanur
MRM-1670,skygolanur
MRM-1670,skygolanur
MRM-1658,skygolanur
MRM-1669,skygolanur
MRM-1647,skygolanur
MRM-1616,skygolanur
MRM-1639,skygolanur
MRM-1639,skygolanur
MRM-1639,skygolanur
MRM-1573,skygolanur
MRM-1573,skygolanur
MRM-1573,skygolanur
MRM-1573,skygolanur
MRM-1573,skygolanur
MRM-1573,skygolanur
MRM-1573,skygolanur
MRM-1573,skygolanur
MRM-1573,skygolanur
MRM-1573,skygolanur
MRM-1573,skygolanur
MRM-1567,skygolanur
MRM-1567,skygolanur
MRM-1587,skygolanur
MRM-1515,skygolanur
MRM-1576,skygolanur
MRM-1569,skygolanur
MRM-1569,skygolanur
MRM-1569,skygolanur
MRM-367,skygolanur
MRM-1497,skygolanur
MRM-1127,skygolanur
MRM-1127,skygolanur
MRM-1127,skygolanur
MRM-1142,skygolanur
MRM-637,skygolanur
MRM-887,skygolanur
MRM-887,skygolanur
MRM-1807,skygolanur
MRM-1811,skygolanur
MRM-1814,skygolanur
MRM-1826,skygolanur
MRM-1808,skygolanur
MRM-1861,skygolanur
MRM-1869,skygolanur
MRM-1851,skygolanur
MRM-1863,skygolanur
MRM-1863,skygolanur
MRM-1863,skygolanur
MRM-1848,skygolanur
MRM-1848,skygolanur
MRM-1848,skygolanur
MRM-1817,skygolanur
MRM-1865,skygolanur
MRM-1865,skygolanur
MRM-1855,skygolanur
MRM-743,skygolanur
MRM-770,skygolanur
MRM-1773,skygolanur
MRM-1748,skygolanur
MRM-1748,skygolanur
MRM-1767,skygolanur
MRM-1767,skygolanur
MRM-1313,skygolanur
MRM-1359,skygolanur
MRM-1308,skygolanur
MRM-1427,smsiebe
MRM-1932,snissel
MRM-737,soja
MRM-431,sotretus
MRM-431,sotretus
MRM-431,sotretus
MRM-1517,sroeper
MRM-1181,sseifert@pro-vision.de
MRM-1181,sseifert@pro-vision.de
MRM-675,stefanhuebner
MRM-675,stefanhuebner
MRM-254,stefanhuebner
MRM-254,stefanhuebner
MRM-1591,stibi
MRM-1591,stibi
MRM-1453,struberg
MRM-832,strunk
MRM-1946,sujeetkb2003
MRM-1132,syvalta
MRM-1155,syvalta
MRM-1807,szus
MRM-1859,taheer
MRM-450,tcue
MRM-449,tcue
MRM-381,tcue
MRM-322,tcue
MRM-329,tcue
MRM-329,tcue
MRM-329,tcue
MRM-329,tcue
MRM-505,tcue
MRM-273,tcue
MRM-659,thomas.demande
MRM-659,thomas.demande
MRM-659,thomas.demande
MRM-659,thomas.demande
MRM-1312,thorsten
MRM-1312,thorsten
MRM-1312,thorsten
MRM-1237,thosor
MRM-1075,thosor
MRM-1806,thunderhook
MRM-1861,thunderhook
MRM-1861,thunderhook
MRM-1861,thunderhook
MRM-1861,thunderhook
MRM-1874,thunderhook
MRM-1907,thunderhook
MRM-1908,thunderhook
MRM-1908,thunderhook
MRM-1910,thunderhook
MRM-630,thx
MRM-1097,timfulmer
MRM-1009,tjormola
MRM-1840,tom_s4t
MRM-1352,torkildr
MRM-1352,torkildr
MRM-1898,trampi
MRM-1908,trampi
MRM-1352,troos
MRM-1352,troos
MRM-1352,troos
MRM-4,trygvis@inamo.no
MRM-913,tunaranch
MRM-1248,tv
MRM-617,twdev
MRM-598,twdev
MRM-724,ustuehler
MRM-1197,vanvlack
MRM-1197,vanvlack
MRM-588,viktornordling
MRM-1643,vsigler
MRM-1647,vsigler
MRM-1647,vsigler
MRM-1424,warner.pinz
MRM-724,wattsie
MRM-724,wattsie
MRM-1070,whitefish
MRM-183,wilfred
MRM-299,witkow
MRM-243,wouterv
MRM-243,wouterv
MRM-421,wsmoak
MRM-416,wsmoak
MRM-424,wsmoak
MRM-417,wsmoak
MRM-414,wsmoak
MRM-414,wsmoak
MRM-422,wsmoak
MRM-459,wsmoak
MRM-423,wsmoak
MRM-148,wsmoak
MRM-351,wsmoak
MRM-372,wsmoak
MRM-337,wsmoak
MRM-337,wsmoak
MRM-371,wsmoak
MRM-398,wsmoak
MRM-398,wsmoak
MRM-399,wsmoak
MRM-349,wsmoak
MRM-347,wsmoak
MRM-347,wsmoak
MRM-373,wsmoak
MRM-340,wsmoak
MRM-1427,wsmoak
MRM-1423,wsmoak
MRM-1423,wsmoak
MRM-1423,wsmoak
MRM-1465,wsmoak
MRM-1497,wsmoak
MRM-1472,wsmoak
MRM-1472,wsmoak
MRM-1472,wsmoak
MRM-1472,wsmoak
MRM-1472,wsmoak
MRM-1483,wsmoak
MRM-1483,wsmoak
MRM-1402,wsmoak
MRM-1202,wsmoak
MRM-1297,wsmoak
MRM-1297,wsmoak
MRM-1297,wsmoak
MRM-1209,wsmoak
MRM-1246,wsmoak
MRM-1253,wsmoak
MRM-1249,wsmoak
MRM-1245,wsmoak
MRM-1245,wsmoak
MRM-1244,wsmoak
MRM-1247,wsmoak
MRM-1196,wsmoak
MRM-1172,wsmoak
MRM-1101,wsmoak
MRM-1164,wsmoak
MRM-1164,wsmoak
MRM-1164,wsmoak
MRM-1164,wsmoak
MRM-1164,wsmoak
MRM-1164,wsmoak
MRM-1164,wsmoak
MRM-1164,wsmoak
MRM-1164,wsmoak
MRM-1181,wsmoak
MRM-696,wsmoak
MRM-696,wsmoak
MRM-608,wsmoak
MRM-647,wsmoak
MRM-647,wsmoak
MRM-677,wsmoak
MRM-653,wsmoak
MRM-645,wsmoak
MRM-645,wsmoak
MRM-645,wsmoak
MRM-645,wsmoak
MRM-645,wsmoak
MRM-645,wsmoak
MRM-645,wsmoak
MRM-680,wsmoak
MRM-698,wsmoak
MRM-698,wsmoak
MRM-607,wsmoak
MRM-672,wsmoak
MRM-641,wsmoak
MRM-1089,wsmoak
MRM-1089,wsmoak
MRM-1025,wsmoak
MRM-1056,wsmoak
MRM-1056,wsmoak
MRM-1047,wsmoak
MRM-1026,wsmoak
MRM-1026,wsmoak
MRM-1021,wsmoak
MRM-1058,wsmoak
MRM-1001,wsmoak
MRM-1001,wsmoak
MRM-1053,wsmoak
MRM-1071,wsmoak
MRM-1050,wsmoak
MRM-1033,wsmoak
MRM-877,wsmoak
MRM-877,wsmoak
MRM-810,wsmoak
MRM-804,wsmoak
MRM-804,wsmoak
MRM-804,wsmoak
MRM-804,wsmoak
MRM-804,wsmoak
MRM-813,wsmoak
MRM-834,wsmoak
MRM-827,wsmoak
MRM-809,wsmoak
MRM-90,wsmoak
MRM-924,wsmoak
MRM-984,wsmoak
MRM-986,wsmoak
MRM-930,wsmoak
MRM-992,wsmoak
MRM-541,wsmoak
MRM-542,wsmoak
MRM-542,wsmoak
MRM-598,wsmoak
MRM-584,wsmoak
MRM-584,wsmoak
MRM-584,wsmoak
MRM-564,wsmoak
MRM-564,wsmoak
MRM-564,wsmoak
MRM-537,wsmoak
MRM-545,wsmoak
MRM-539,wsmoak
MRM-539,wsmoak
MRM-532,wsmoak
MRM-532,wsmoak
MRM-204,wsmoak
MRM-204,wsmoak
MRM-204,wsmoak
MRM-204,wsmoak
MRM-204,wsmoak
MRM-278,wsmoak
MRM-243,wsmoak
MRM-265,wsmoak
MRM-274,wsmoak
MRM-206,wsmoak
MRM-221,wsmoak
MRM-295,wsmoak
MRM-295,wsmoak
MRM-216,wsmoak
MRM-216,wsmoak
MRM-216,wsmoak
MRM-225,wsmoak
MRM-290,wsmoak
MRM-212,wsmoak
MRM-236,wsmoak
MRM-288,wsmoak
MRM-235,wsmoak
MRM-283,wsmoak
MRM-283,wsmoak
MRM-283,wsmoak
MRM-700,wsmoak
MRM-746,wsmoak
MRM-799,wsmoak
MRM-763,wsmoak
MRM-722,wsmoak
MRM-722,wsmoak
MRM-775,wsmoak
MRM-731,wsmoak
MRM-787,wsmoak
MRM-730,wsmoak
MRM-747,wsmoak
MRM-747,wsmoak
MRM-740,wsmoak
MRM-707,wsmoak
MRM-751,wsmoak
MRM-729,wsmoak
MRM-774,wsmoak
MRM-774,wsmoak
MRM-774,wsmoak
MRM-753,wsmoak
MRM-1364,wsmoak
MRM-913,y.julienne
MRM-1246,yanke
MRM-1546,yhjhoo
MRM-1546,yhjhoo
MRM-1741,yhjhoo
MRM-419,zhuodan
MRM-545,ziba
MRM-526,ziesemer
MRM-526,ziesemer
